wallet,n_trades,n_races,total_notional,net_exposure_ratio,win_rate,mean_edge,edge_stderr,credibility_score
0x000000000048fb5f1abe936238006f7bbe1bdc54,2,1,1.3599999999999999,0.0294117647058823,0.5,0.01044999999999996,0.64095,-0.6305000000000001
0x00000000006c26fe7f39d09232eb57e71dc8ca21,6,3,23.83,0.7608057070919009,0.5,0.009200000000000022,0.21060684540948177,-0.20140684540948176
0x0000000000fe8580085d080bdb1807a1006a69e1,24,6,134.0,0.029104477611940342,0.5,0.006000000000000005,0.08791421749456205,-0.08191421749456204
0x000000001034abc341656fb6ec53008b6ab12e9f,4,2,84.36000000000001,0.005689900426742536,0.5,0.0027749999999999997,0.3127477454621642,-0.30997274546216425
0x0000000012002e4f0a7dcbf800beab9acd6d768f,2,1,6.720000000000001,0.05357142857142855,0.5,0.005399999999999995,0.10250000000000001,-0.09710000000000002
0x000000001d4b0cf0eefd45007af4370800a6b6a7,12,3,223.32999999999996,0.025388438633412388,0.5,0.006050000000000009,0.11071858641975105,-0.10466858641975103
0x000000001e00480500ba5440c8047878ff19f5d7,2,1,116.63,0.019463259881677127,0.5,0.002349999999999991,0.12084999999999997,-0.11849999999999998
0x000000002c66b642f1fdc3c8172f6111ec050090,4,2,12.53,0.016759776536312884,0.5,0.0027749999999999997,0.2715052159566491,-0.26873021595664914
0x00000000408f04c6425c1c3e328000c7a0cf5845,2,1,13.99,0.022158684774839205,0.5,0.0033000000000000113,0.15069999999999997,-0.14739999999999998
0x0000000042cf78fa4c799e8b0023583814960050,6,2,12.95,0.010038610038610014,0.5,0.0009166666666666594,0.031737637138122166,-0.030820970471455506
0x000000004575e3d0490e00f7009fcd6e43db5618,10,4,3664.28,0.042464003842501145,0.5,0.00685,0.13913517987115184,-0.13228517987115185
0x0000000054774771e84f429a006c5f00760e4d74,8,2,25.82,0.01549186676994574,0.5,0.0020375000000000046,0.1358413398805228,-0.1338038398805228
0x000000005fc4b04a0000637a388c182b25601c41,4,2,1.73,0.12138728323699423,0.5,0.006450000000000004,0.03058282470058426,-0.024132824700584254
0x0000000065986a99dd171fbb77ab72feb900b2ac,222,20,11132.720000000003,0.44344059672748415,0.5,0.011675225225225228,0.02192866906867842,-0.01025344384345319
0x000000007800d32ea95543a6128c0b551bd80040,6,1,19.24,0.022869022869022936,0.5,0.0018166666666666793,0.029242724641258124,-0.027426057974591446
0x000000007b9b6af200b498940aae3b68d8e4190e,4,1,21.979999999999997,0.018198362147406753,0.5,0.0017750000000000057,0.05423515733974289,-0.05246015733974289
0x000000007f87491523d2515020b50000d3fe6362,4,2,19.42,0.019567456230689992,0.5,0.011824999999999988,0.19559520433367822,-0.18377020433367824
0x000000008c1300ed52d5c67077c48390a8004108,4,2,26.380000000000003,0.01667930250189539,0.5,0.00605,0.3644592009631074,-0.3584092009631074
0x0000000093774a0f53482a7c003d7add9b619a40,6,1,28.479999999999997,0.018258426966292183,0.5,0.001700000000000007,0.04279280313323726,-0.04109280313323725
0x00000000a3a88d406929bff47a00c0c759f837ef,4,2,69.98,0.03601028865390114,0.5,0.008099999999999996,0.3504916832108859,-0.3423916832108859
0x00000000a3c0d6d3cde7278c97af5b81e600bc74,4,2,123.82999999999998,0.0076718081240410374,0.5,0.001600000000000018,0.29634151188563956,-0.2947415118856396
0x00000000a59800360024e152397a1fee9df256a1,8,4,150.29,0.03227094284383527,0.5,0.004712500000000003,0.2043735056192635,-0.1996610056192635
0x00000000a9423a35017f00890cd07e70c2003f7f,2,1,6.98,0.10028653295128935,0.5,0.01154999999999997,0.11604999999999994,-0.10449999999999998
0x00000000a965d50052f819fcf625f399980057c6,2,1,41.0,0.03512195121951214,0.5,0.004250000000000011,0.12055,-0.11629999999999999
0x00000000b0ba1b9b05a51200815393b62c00343e,2,1,105.65,0.02849029815428299,0.5,0.001999999999999974,0.07109999999999997,-0.0691
0x00000000bdb000fc609738297bf3c62cb6e1a600,2,1,6.86,0.011661807580174937,0.5,0.0010000000000000078,0.08560000000000001,-0.08460000000000001
0x00000000c0337a4d00eb0017d13813179a047457,2,1,0.9299999999999999,0.07526881720430109,0.5,0.00714999999999999,0.09084999999999999,-0.0837
0x00000000c700e72ad0ccd010e8194b0b2e36609f,14,5,3964.8199999999997,0.015168406131930318,0.5,0.009485714285714288,0.15775523845193443,-0.14826952416622013
0x00000000cff3b7ed00be820b180107001424d91d,4,2,7.27,0.012379642365887174,0.5,0.0024500000000000095,0.17718846134365898,-0.17473846134365897
0x00000000d0c606f49be0c974007c947d9a009177,4,1,6.33,0.06477093206951029,0.5,0.005024999999999988,0.04603615200759796,-0.04101115200759797
0x00000000d7c172140cb70015f000f9223b79cb2a,4,2,19.54,0.026612077789150416,0.5,0.008550000000000002,0.30720915920590647,-0.29865915920590647
0x00000000d7c85c0618e6349b6f19007700a403c3,4,2,8.24,0.033980582524271864,0.5,0.019574999999999995,0.08662345116460475,-0.06704845116460476
0x00000000d99c8241806dc09c7600fac7f35100a4,6,2,64.1,0.03588143525741031,0.5,0.008199999999999985,0.19511590743282142,-0.18691590743282144
0x00000000dfa62bafbbd0776340a6d3d5cfc57f00,2,1,11.649999999999999,0.024892703862660952,0.5,0.006100000000000036,0.2492,-0.24309999999999998
0x00000000ec0460dc004c00f97d1c45edfb696b62,2,1,18.76,0.00852878464818764,0.5,0.0039000000000000423,0.45310000000000006,-0.44920000000000004
0x00000000fd5dbeb2d4d208d3760052d7613329d9,8,1,27.009999999999998,0.004813032210292579,0.5,-5.000000000001531e-05,0.035077984548716586,-0.0351279845487166
0x005dcb2c539eb682f14b7441863c298904d108bd,73,5,5751.280000000001,0.6307187269616501,0.6164383561643836,0.07176027397260275,0.025918629236041123,0.045841644736561625
0x00cd7a172c9d77f1a3238c17d7f5963eddc0214c,39,12,6250.0,1.0,0.10256410256410256,-0.2944794871794872,0.04623531713236604,-0.34071480431185325
0x00da9ce440fcc32855c2427d99b5e6eb8e194f27,2,1,1.9900000000000002,0.06532663316582914,0.5,-0.02410000000000001,0.6354999999999998,-0.6595999999999999
0x00ee1f340d6bbd3e19d60506755035772ac5e935,2,1,1.94,0.11340206185567014,0.5,-0.042149999999999965,0.6221499999999999,-0.6642999999999999
0x01071df37d50514be0acd04499610066f2522230,2,1,0.01,1.0,0.5,-0.005850000000000022,0.7698499999999999,-0.7757
0x015025afae8d7d4626b02cdf6c6c0b298329c6c2,1,1,0.1,1.0,0.0,-0.7532,inf,-inf
0x01525ae934ee4cf41195ce604a5e22921f26e6b5,2,1,0.01,1.0,0.5,-0.004100000000000048,0.7716000000000001,-0.7757000000000001
0x01606aec64de83a1b46300b166572a35c402b636,1,1,50.0,1.0,0.0,-0.223,inf,-inf
0x0163fcdd0afec53b7bc95b6f31fcf1a65fe6f0ac,2,1,0.01,1.0,0.5,-0.0041500000000000425,0.77155,-0.7757000000000001
0x01a2807697fd4f79d8910f0b7703cca04eeb9957,2,2,22.0,1.0,0.5,0.21105000000000002,0.4114499999999999,-0.2003999999999999
0x01b8b92606db98b22c0486bc292ff207ae4856c2,2,1,11.0,1.0,0.0,-0.0002,0.0,-0.0002
0x01c5815139cb09d51641b12cd212300c82643a81,5,2,1782.46,0.6617595906780517,0.8,0.2907,0.15634226236050186,0.13435773763949815
0x01c775b098b9eb2fa3a9b6accb956d70e2fccf00,2,2,12.0,1.0,0.5,0.2754,0.3098999999999999,-0.03449999999999992
0x01c8e7d640a0c17ea16fdc939d74bbb111bc6bb6,1,1,0.0,0.0,0.0,-0.2874,inf,-inf
0x01cb55ba7d669e2a93a772afe06a5cd02bc1dfcf,1,1,0.01,1.0,0.0,-0.2756,inf,-inf
0x01e057ea46e9a6a4af7edf289761a80bd50ac8f9,2,1,2.2,0.03636363636363629,0.5,0.023299999999999987,0.6226,-0.5993
0x01f0311ea5fd27ba16dfc9519ed1b5b4f5828bf4,1,1,20.84,1.0,0.0,-0.0068,inf,-inf
0x0202c47823741933c46eca865541ffd5d8ccba7f,1,1,0.2,1.0,0.0,-0.2857,inf,-inf
0x02250f2ff50d721a06d162b34ee349a5665ef62e,2,1,0.01,1.0,0.5,-0.004349999999999965,0.76785,-0.7722
0x0268556ae663eedf10a259dfb5345a4fa63e5e43,2,1,0.01,1.0,0.5,-0.004349999999999965,0.76785,-0.7722
0x0289ad07c2174a40457c63f4e573f9f03a7ee882,2,1,0.01,1.0,0.5,-0.006299999999999972,0.7701,-0.7764
0x0290a43a92dee54b631782c4b1f439bb75aa2a22,1,1,0.05,1.0,1.0,0.6255,inf,-inf
0x02c178b2aef377c44342077fee3d24119d880966,2,1,9.940000000000001,0.006036217303822897,0.5,-0.0008999999999999841,0.14770000000000003,-0.1486
0x02e7e146a33704332af8a9c06da471291636971a,1,1,0.13,1.0,0.0,-0.7756,inf,-inf
0x02f2891802a56f665bb3fdf169f09bf9d4cf3d55,1,1,0.04,1.0,0.0,-0.2729,inf,-inf
0x02fc9fcd40470723aa8268c1bf470fbc89e4f337,1,1,0.0,0.0,0.0,-0.2728,inf,-inf
0x03139cb8e8c82649951fbfa55020e0e3a011b272,1,1,0.07,1.0,0.0,-0.2756,inf,-inf
0x032f3899efe77864e9cf52895e0df8d9097191c3,2,1,0.01,1.0,0.5,-0.005950000000000011,0.76975,-0.7757000000000001
0x033dc6e3e3e0a3ae55402576990392ae910aaf05,11,3,2440.6000000000004,0.9682045398672456,0.9090909090909091,0.1150090909090909,0.05706969655134684,0.057939394357744055
0x035c45b155a96d224aad76bdc3abf365589e2e5d,2,1,0.01,1.0,0.5,-0.005950000000000011,0.76975,-0.7757000000000001
0x03612b592725958e2dcd84d78cf47aeca0295841,1,1,0.02,1.0,0.0,-0.2882,inf,-inf
0x0364e487ccd5a61d3c83848a420846848ae08061,66,21,1847.5800000000002,0.613970707628357,0.8181818181818182,0.16804545454545453,0.046342107561574815,0.12170334698387972
0x0398aee3facc450a18fb2a3c6a4eabf4659aee86,1,1,0.0,0.0,0.0,-0.2728,inf,-inf
0x03b2e43cda4928853b06397773089f09abf8fbc7,4,1,0.03,0.33333333333333337,0.75,0.37957500000000005,0.383925,-0.004349999999999965
0x03cff9637ab8696a9709cac976dc85c6c2ee49df,1,1,0.02,1.0,0.0,-0.2713,inf,-inf
0x042c9d7639085cca20a6f9bc19698fea80949abd,38,12,224.63,0.4587543961180608,0.39473684210526316,-0.07937894736842105,0.054090425074587556,-0.1334693724430086
0x0430e029618b98a05b7c7a6adbe3d8f7e7e04a37,48,1,5.909999999999999,1.0,1.0,0.674025,0.0003302628976441082,0.6736947371023558
0x044dea07a13fe987eadbaa3300cfac9ac71df2b6,4,1,24.13,0.1205967675093245,0.75,0.3385250000000001,0.3695281842543724,-0.031003184254372318
0x0459abc4ac9d58f93aa2dbdafc171451c94bd44e,1,1,0.02,1.0,0.0,-0.2712,inf,-inf
0x0464603f220438f558fa6c9977dd15c8c7bdabba,3,1,1630.0,1.0,0.0,-0.4894,0.015401731504390448,-0.5048017315043904
0x046acb60bf9d46562acee2cf5bd2702d14665276,2,1,0.01,1.0,0.5,-0.0041500000000000425,0.77155,-0.7757000000000001
0x0488bd80918b9a7e776909291674bea70fbb0b61,35,1,0.3800000000000001,0.42105263157894735,0.7714285714285715,0.4125742857142858,0.11067819628008366,0.3018960894342021
0x0497dea46e4a8cbe25a57d2dc33e3cd3f1486fc3,4,1,29.910000000000004,0.6496155132062854,0.25,-0.07584999999999999,0.03357688937349618,-0.10942688937349616
0x04b36604573526ba60c8769a3ca7ea4d833bbc0a,1,1,0.04,1.0,0.0,-0.2728,inf,-inf
0x04dc43135b5b02a12833ed67d2a66b516fa6df6f,1,1,0.04,1.0,0.0,-0.2729,inf,-inf
0x04ec0c0fbc43b2691e88da466562267f43e4420c,1,1,0.07,1.0,0.0,-0.2733,inf,-inf
0x04f95674001e6beff655c1696940e98b7be658ff,1,1,0.05,1.0,0.0,-0.2646,inf,-inf
0x04fffd0bdc1a7820a4069cf5cd1985378c13f6d2,4,1,0.02,1.0,0.5,-0.004274999999999973,0.44327510715694385,-0.4475501071569438
0x051ec360dc73f48f5ad324b0642b9f2a9358acce,1,1,84.41,1.0,1.0,0.22419999999999995,inf,-inf
0x05306699b23cb3d170d77701cb25e5686f27d8fe,1,1,400.0,1.0,1.0,0.13480000000000003,inf,-inf
0x05346929fa62a9b3b51e252cdb2b98a456f36ec1,1,1,0.02,1.0,0.0,-0.2712,inf,-inf
0x05378c8fada355839ad56c3431485a46c01fed00,1,1,0.08,1.0,0.0,-0.2756,inf,-inf
0x0545eefa4ad75f38b055eae78970aac7d210ead3,1,1,0.03,1.0,0.0,-0.2729,inf,-inf
0x054790303ef27c09351c6ee72fdbb3b83e0d9926,15,7,3967.25,0.21032453210662294,0.4666666666666667,0.0498,0.05367649835999436,-0.0038764983599943598
0x055215bae933496c20a519e8bbdb86e23f283668,4,2,55.95,0.08453976764968722,0.5,0.02519999999999998,0.27015895629548664,-0.24495895629548667
0x05586f0b4147349eacbe724a5ec75a3e890aaac6,1,1,0.02,1.0,1.0,0.7637,inf,-inf
0x057c49c7a5ff8c185e6f3b01b4765e686997ea8b,2,1,196.43,0.018174413276994313,0.5,-0.005349999999999966,0.7069499999999999,-0.7122999999999998
0x0580662afe694d4e785d27ecf74cf556cea0359b,2,1,1.8900000000000001,0.11111111111111115,0.5,-0.042149999999999965,0.6221499999999999,-0.6642999999999999
0x058279a91e0ff5929b9ffd59928ca05f62ed90a7,3,2,197.14,0.27533732372932934,0.3333333333333333,-0.05679999999999996,0.368154442229526,-0.42495444222952594
0x058ddd5a0efd00c1928ca54737e71c7deb73fc31,1,1,0.01,1.0,0.0,-0.2733,inf,-inf
0x0593819743973d83360340fd55c538e842447a6c,2,1,110.25,0.22920634920634925,0.5,-0.09540000000000004,0.41639999999999994,-0.5118
0x05c522ae2ceccec31ecb65996a46e00732bbbd1c,2,1,196.43,0.018174413276994313,0.5,-0.009000000000000008,0.5022,-0.5112
0x05d2a508233a1281a8a441aee9eabd301168d4a4,1,1,0.15,1.0,0.0,-0.156,inf,-inf
0x05d591014374dd54d90c4a25c7daedbcd598bc61,2,1,0.01,1.0,0.5,-0.005950000000000011,0.76975,-0.7757000000000001
0x05f66ca34ff0c1f1e7d8fc3d062e8df2387ccba4,1,1,0.05,1.0,0.0,-0.2712,inf,-inf
0x0617959ad0280ea199f04c94046fe7ff92cbca4f,1,1,10.0,1.0,0.0,-0.7756,inf,-inf
0x06c341c8e6b6c70ac720a217d42c85ca6933edc4,1,1,0.07,1.0,0.0,-0.2738,inf,-inf
0x06cb9ae794e4f7429ff28271822bf656d8cafaea,4,2,188.04000000000002,0.38630078706658155,0.25,-0.06159999999999998,0.04170845238078249,-0.10330845238078247
0x06fa7e8581ec95d95408fce242d059f8dee32eb9,1,1,0.02,1.0,0.0,-0.2713,inf,-inf
0x07318f355fdaad9db941c7a0a5bf3078d8d931f8,1,1,0.1,1.0,0.0,-0.2729,inf,-inf
0x0736956d676e1842fe8160e35a97eec4ae39bc7c,1,1,0.08,1.0,0.0,-0.2883,inf,-inf
0x0782239db1da065fdd7fcc8cac7637807f76e76a,2,1,0.01,1.0,0.5,-0.005950000000000011,0.76975,-0.7757000000000001
0x079a1db8142494b2989891df3a96212ee4494623,3,1,34.370000000000005,0.16962467267966252,0.3333333333333333,-0.19879999999999998,0.27153766466796714,-0.4703376646679671
0x07b94b246484e797cc6f72c9dfdf97331821fd72,2,1,0.01,1.0,0.5,-0.005850000000000022,0.7698499999999999,-0.7757
0x07c4f39862e865e6f9d307f1df5e6c24367d2c5b,20,9,51.13999999999999,0.5803676183026986,0.4,0.089035,0.08798129564228262,0.001053704357717386
0x07d8f8fe4eb166539ea55feb89550ca9dadb38eb,2,1,0.01,1.0,0.5,-0.004349999999999965,0.76785,-0.7722
0x07e1d0737891d2a361d4013af8ce3f6c785a602d,2,1,0.01,1.0,0.5,-0.004100000000000048,0.7716000000000001,-0.7757000000000001
0x080a8c0005c579a027d7139d1a87af83c50d097a,2,1,0.01,1.0,0.5,-0.005950000000000011,0.76975,-0.7757000000000001
0x080b0fa860b0e2e8d27653af464edfdc46937c89,2,1,0.06,1.0,0.0,-0.2882,0.0,-0.2882
0x080e05867e56df239d508071c010a7b14bcf15f6,1,1,0.5,1.0,1.0,0.258,inf,-inf
0x083e8364fcf2b6f97216e36bda33ae26bfcd01e5,1,1,0.08,1.0,0.0,-0.2883,inf,-inf
0x08518dfb1c85ce212b34101f2f1de803dc445ac6,1,1,0.27,1.0,1.0,0.7255,inf,-inf
0x089e67f57e991d5d325cc2a816e0760b66f618dc,1,1,0.08,1.0,0.0,-0.2728,inf,-inf
0x08a7b7d2e86da3bea26c160f5dc607bd98f42948,2,1,496.7,1.0,1.0,0.29125,0.006049999999999999,0.2852
0x08a90e4deafe284f806748327fe3ad774ddd27c2,1,1,1.0,1.0,1.0,0.7573,inf,-inf
0x08c4f783c57d33152c2ccaf837b5244b4541806a,1,1,0.18,1.0,0.0,-0.2861,inf,-inf
0x08cd143383892ed2911b0fc8c1273efbd0d616dd,2,1,1.9500000000000002,0.06666666666666667,0.5,-0.02435000000000004,0.6357499999999999,-0.6600999999999999
0x08f55d64e63e7a85a1385f4f966fbba04476fe7c,1,1,0.02,1.0,0.0,-0.2733,inf,-inf
0x08f6cb29a4fe157c202f75ee8945dedaa4eddc42,1,1,1.0,1.0,1.0,0.31999999999999995,inf,-inf
0x096a5b969ecf3ff7472071d55caeac15e28e95bd,1,1,0.13,1.0,0.0,-0.2861,inf,-inf
0x097fdd675fe61d317426025e7bd4b963f86cd60a,4,1,0.02,1.0,0.5,-0.004274999999999973,0.44327510715694385,-0.4475501071569438
0x09911bb25c13f665fa682deb243c09cd67441098,1,1,100.0,1.0,0.0,-0.4998,inf,-inf
0x09a0e4cc7dd15db736ed2b30803839bcbe9da949,1,1,0.15,1.0,1.0,0.7259,inf,-inf
0x09b4f0dcdf6bee297aecc208aeed7e6688277809,2,1,0.01,1.0,0.5,-0.005850000000000022,0.7698499999999999,-0.7757
0x0a12777c3b4fdcb90d365245cbeec889630e7154,1,1,5.0,1.0,0.0,-0.474,inf,-inf
0x0a53fb4b4ed50bbfceeb72b316ddb8839975a92d,1,1,0.03,1.0,0.0,-0.2642,inf,-inf
0x0a55fea98ee2841a096182a055be42847ad49b2c,1,1,0.02,1.0,0.0,-0.2729,inf,-inf
0x0a7dc6441f67bfa06e3bb55752446594d17897bc,2,1,108.03999999999999,0.018141429100333218,0.5,-0.009050000000000002,0.50225,-0.5113
0x0a95f22d2f6f7e1a11db0d56932a57ce5f150038,1,1,4.2,1.0,0.0,-0.1891,inf,-inf
0x0aa192e9b680dfaea4ac55325245498e9d26a568,1,1,0.04,1.0,0.0,-0.2881,inf,-inf
0x0aba4591b056090a5337dea26a9288fdbc042069,2,1,0.7,1.0,0.5,-0.009149999999999991,0.73485,-0.744
0x0acbb02c069510baccd4c83ddd62e940e24a0182,1,1,0.15,1.0,0.0,-0.1561,inf,-inf
0x0b1910d45df956138cb4e16515e25101a9172775,1,1,0.02,1.0,0.0,-0.2756,inf,-inf
0x0b420d70d521d22851e78b7d162791fa4a39f5f8,1,1,0.08,1.0,0.0,-0.2713,inf,-inf
0x0b59f96188c3b374b9ed32484f0aedf1648831e0,2,1,58.93,0.018157135584591894,0.5,-0.009500000000000008,0.47719999999999996,-0.48669999999999997
0x0b5d4dc63378b68db6205b20f24bc31726b76da4,1,1,0.03,1.0,0.0,-0.2713,inf,-inf
0x0b644e443a404159a7b5ca4650cf2444b13549bd,46,8,2852.19,0.5635634372184181,0.5217391304347826,-0.03674130434782608,0.030079205518096282,-0.06682050986592236
0x0b96aea24a39420b286b8ad36039861c345ef920,2,1,1.9100000000000001,0.10994764397905762,0.5,-0.04194999999999993,0.6219499999999999,-0.6638999999999998
0x0b9b2c40aed7f915553fb210088e74def9a33937,1,1,0.01,1.0,0.0,-0.2713,inf,-inf
0x0babad89919ea50c054aeed005584404ba541d3a,13,6,1064.82,0.38470351796547786,0.3076923076923077,-0.17930000000000001,0.08422112150578563,-0.26352112150578566
0x0c0808dfdb44aa7d9bd948b005f6cd496f21f413,3,2,109.48,0.4614541468761417,0.3333333333333333,-0.12759999999999996,0.1369164343678289,-0.2645164343678289
0x0c0e270cf879583d6a0142fc817e05b768d0434e,899,35,458349.52999999997,0.6058394125548685,0.7986651835372637,0.05043959955506118,0.011276422762203779,0.0391631767928574
0x0c23f7dba9dc50f8f59cac37c8e4835122a3088a,4,3,194.3,0.8990221307256819,0.75,-0.05384999999999998,0.20303138304212973,-0.2568813830421297
0x0c39030e68c424cb7c7cdd91f00e1602e09e2d6d,2,1,0.01,1.0,0.5,-0.004349999999999965,0.76785,-0.7722
0x0ca226298db1cc0b7261642b25e089dfe6cbbd6d,1,1,12.0,1.0,0.0,-0.0065,inf,-inf
0x0cc7f42233aeb237da89ebf592fa564f86dd6534,2,1,1.9100000000000001,0.10994764397905762,0.5,-0.04144999999999999,0.62245,-0.6638999999999999
0x0cd96ee3b364b86cb07c86246af91f58afe71095,1,1,10.0,1.0,0.0,-0.46,inf,-inf
0x0d0f801aa33ad651f413929cb9ce2bf86a7f9855,2,1,4.32,0.34259259259259256,0.5,0.01579999999999998,0.6606000000000001,-0.6448
0x0d1f0a63e4e82c7bea8bd92f1ab1e337dce57cae,2,1,0.01,1.0,0.5,-0.005950000000000011,0.76975,-0.7757000000000001
0x0d326dbeef7eed0ed6ccaaf1b39b7ff08d2c4b51,1,1,0.07,1.0,0.0,-0.2883,inf,-inf
0x0d47330b0872c8dd12820c3f1f10acf8a777b366,1,1,0.08,1.0,0.0,-0.2728,inf,-inf
0x0dae6cc857efe4c5bd287553cf4cb16d22e7379d,2,1,7.18,1.0,0.0,-0.41625,0.26354999999999995,-0.6798
0x0dccd3c96ee98f2443e6b9b177ce34697d4ec193,2,1,0.01,1.0,0.5,-0.006149999999999989,0.76995,-0.7761
0x0dd0fe6c8bf44ac5290863283ea238431b8b0667,2,1,1.9,0.05263157894736841,0.5,-0.03234999999999999,0.63135,-0.6637
0x0de6f0a0fec366806c05b3fe5e6b8d42e0c329f4,6,2,22340.89,0.034779724532012835,0.3333333333333333,-0.10434999999999998,0.21331329814774014,-0.31766329814774014
0x0dff07c4672f9a9610a5c5500c5b9f00ba8107b7,1,1,0.04,1.0,0.0,-0.2712,inf,-inf
0x0e142bea65b97f1da8012f639d0d0e92bf15bd6a,2,1,0.01,1.0,0.5,-0.0042999999999999705,0.7681,-0.7724
0x0e25222e118f207c01a98d105fe94c9dc0dd9c95,1,1,0.03,1.0,0.0,-0.2713,inf,-inf
0x0e3226217752d7247c67b870b72b99ba3e20535b,3,2,534.26,0.6532399955078052,0.6666666666666666,0.02620000000000004,0.06652445665567916,-0.04032445665567912
0x0e5d6c46a487cfe356f6e5a38976054be3d70844,1,1,0.15,1.0,0.0,-0.1561,inf,-inf
0x0e755a6d4c43adc5275bf04f6d08c2911d50058b,1,1,0.02,1.0,0.0,-0.2729,inf,-inf
0x0e8d61f16a2373931ffbfc2993f046e33286dfcc,148,13,64449.35999999999,0.47915386591891684,0.6824324324324325,0.06442432432432432,0.027163113108662984,0.03726121121566134
0x0ea3c67fd1a04a47067c154fb3e2b878f70fa5cc,1,1,0.02,1.0,0.0,-0.2881,inf,-inf
0x0ecbc9f72bb0025ff11121dfa11b82f9e12f8d7a,1,1,0.01,1.0,0.0,-0.2729,inf,-inf
0x0ed1cb5caa9aebcd8b4a232bcef48f1a7a229f1c,2,1,0.01,1.0,0.5,-0.005950000000000011,0.76975,-0.7757000000000001
0x0ed9fdd8d194b8b1c9438acba094dced1b8dbb43,2,1,1.9100000000000001,0.10994764397905762,0.5,-0.041749999999999954,0.6217499999999999,-0.6634999999999999
0x0ef326632e5d6f56608ac59e311a592ddb8d04aa,1,1,0.2,1.0,0.0,-0.2859,inf,-inf
0x0efc5f41ba6caecef138d582e6e7101b3ca93ecd,2,1,2.14,0.009345794392523372,0.5,0.005949999999999955,0.6356499999999999,-0.6296999999999999
0x0f1a5c4e6aec79cb6e83a150465f02b4389c6dc0,18,6,4350.51,0.8963293958639332,0.5,-0.11971666666666664,0.10905897914143771,-0.22877564580810433
0x0f688ef7c721cc3e1fd732e053ff1a9ca8fb900a,3,3,300.0,1.0,1.0,0.5443333333333333,0.05713347919079008,0.48719985414254324
0x0f70a757a1b8c60a87ad81cfb29fcc3ac4eea3e8,1,1,50.0,1.0,0.0,-0.6633,inf,-inf
0x0f8b809788d18030d140827b95c28c3217e1104e,1,1,0.03,1.0,0.0,-0.2756,inf,-inf
0x0fb352a83ccee3a9fe2750c7e5bf262b1b030506,1,1,0.02,1.0,0.0,-0.2713,inf,-inf
0x0fbcb4bcf0f3af6f6b2bfbb87a82e09082848939,1,1,0.14,1.0,0.0,-0.2861,inf,-inf
0x0fc82f59e4ab0006d519caf793f68267ef597b18,1,1,0.04,1.0,0.0,-0.2713,inf,-inf
0x0fe8be27bb073c3098b841e402852912fbb72044,1,1,0.02,1.0,0.0,-0.2729,inf,-inf
0x0ff2cac79ccd7043ef6532123cb0a039fb47a947,2,1,0.01,1.0,0.5,-0.0042999999999999705,0.7681,-0.7724
0x0ff96c59ee48126891935b654629e4a76adc0de7,1,1,0.04,1.0,0.0,-0.2797,inf,-inf
0x0ffe8cca6b26bc77b51db646ab67feeb0431a019,1,1,0.05,1.0,0.0,-0.2733,inf,-inf
0x102f1cce53b4fadc98f4b7d12f01c851cfdc84b5,2,1,0.01,1.0,0.5,-0.005950000000000011,0.76975,-0.7757000000000001
0x105099e35f1773a21d961646b1138b05b982936e,1,1,0.02,1.0,0.0,-0.2738,inf,-inf
0x107fda2c094a17942647bf71c3eb1ebc101020e8,2,1,0.01,1.0,0.5,-0.005950000000000011,0.76975,-0.7757000000000001
0x1081924e1ffb123fe1fc793606ba5f1331183d1e,1,1,1.0,1.0,1.0,0.643,inf,-inf
0x10854597397362667e50faf88840177af5a32447,2,1,0.01,1.0,0.5,-0.004349999999999965,0.76785,-0.7722
0x108b5c165dc5bdc43b6fa4726b0a2ae4872f245f,1,1,0.04,1.0,0.0,-0.2728,inf,-inf
0x10acd8ac8e1696b7958dfa862d5b9faa36a650d4,2,1,7.470000000000001,0.3386880856760374,0.5,-0.039900000000000005,0.1176,-0.1575
0x10d03fafd945cf4b2dbd829a154289119d54c350,2,1,0.22,1.0,0.0,-0.2797,0.0,-0.2797
0x10d50237c9227463093096e147f3cfec1f7f5d28,2,1,0.01,1.0,0.5,-0.004100000000000048,0.7716000000000001,-0.7757000000000001
0x10e8d43a250d683557c9f5268b8dec6ac47c84e1,1,1,0.02,1.0,0.0,-0.2729,inf,-inf
0x110c12a3909fbf2305bb0ddcdc3fd3c115c819a7,9,5,253.56,0.9729452595046538,0.6666666666666666,-0.03393333333333334,0.11407244773972956,-0.1480057810730629
0x112d9635968b4eed19faf8ecc746b604249f1b90,3,1,0.03,0.33333333333333337,0.6666666666666666,0.25160000000000005,0.5119,-0.2603
0x11490d6398f0c773edb1c2aedcb3e7f59a300e17,2,1,2.14,0.009345794392523372,0.5,0.005949999999999955,0.6356499999999999,-0.6296999999999999
0x1161a1e6fbaa1d3da3c401615209065262f97b5d,1,1,1.0,1.0,0.0,-0.6422,inf,-inf
0x119363bb81e39d6f0c61e7b475aec5ad3cd2d37f,1,1,0.08,1.0,0.0,-0.2728,inf,-inf
0x1194f3f19672b82607f82e43d95cffe8e3300f61,1,1,0.02,1.0,0.0,-0.2728,inf,-inf
0x11b5027ad0fcda49094ee5cc5f574a1cd8c8c9cb,2,1,2.02,0.06930693069306937,0.5,-0.024400000000000033,0.6357999999999998,-0.6601999999999999
0x11e3d5ba48e594c687f66556c33a610fe4011358,6,4,138.42,0.4632278572460628,0.5,-0.031366666666666675,0.20757294889053135,-0.23893961555719803
0x11f11c8cde4600d5f0aa7a2d120fedbaec30bab0,11,1,0.29000000000000004,0.17241379310344823,0.7272727272727273,0.3422363636363636,0.21579795401874804,0.12643840961761557
0x1200b650fafa6c3244bf38b23939790b9ec31d1a,1,1,0.05,1.0,0.0,-0.2859,inf,-inf
0x121e65531f45e33c73bac5d26495f89c9fac3e0c,2,1,1.9900000000000002,0.06532663316582914,0.5,-0.02410000000000001,0.6354999999999998,-0.6595999999999999
0x122b49c06a1cda1bf0ffa537f598c0b45581ceb0,4,1,22.46,0.31255565449688333,0.5,0.04567499999999999,0.23470193996854818,-0.1890269399685482
0x12728fd08a6e1274fc6bc0ed6984e84cfde539aa,1,1,0.02,1.0,0.0,-0.2857,inf,-inf
0x1291b0ef9d04d143c184f20f4e07c10cb64dbd01,2,1,0.01,1.0,0.5,-0.005950000000000011,0.76975,-0.7757000000000001
0x129f52540cc45e2b8904fe976abf5dbc16eeb1c1,1,1,80.0,1.0,1.0,0.762,inf,-inf
0x12da4eddff102c2be797181436b2399b9524acb0,2,1,0.01,1.0,0.5,-0.004349999999999965,0.76785,-0.7722
0x12e08f89efd6dd801b0dfd84e8a168b5e34649a1,1,1,0.04,1.0,0.0,-0.2712,inf,-inf
0x12f8b2baa28d08aee7a15fbab84edc9f31db021d,1,1,0.2,1.0,0.0,-0.1581,inf,-inf
0x133ba4d001ae339bfb08631eead95c5dabe92f22,13,7,3302.67,0.4187369613070636,0.46153846153846156,-0.06516923076923077,0.12747040047802316,-0.19263963124725392
0x133bbd22c87d596dde5038fcc119b39b92332996,1,1,0.04,1.0,0.0,-0.2728,inf,-inf
0x136ff7c2ed5a8e1735eeedef847ed4c25d0f56f2,2,2,13.0,1.0,0.5,0.2899,0.35749999999999993,-0.06759999999999994
0x137037b2d0fb8cea4869f9c7511dbb68abada18b,1,1,0.04,1.0,0.0,-0.2733,inf,-inf
0x1379f5620ee96fa4b25ca276a2da8ffab08fb585,2,1,0.01,1.0,0.5,-0.006149999999999989,0.76995,-0.7761
0x13a8a0c60a6f604cd63fea554411676d0fb37f60,1,1,0.04,1.0,0.0,-0.2797,inf,-inf
0x13b4da960f9fb785a97c3a026baffb2ca964a5f8,1,1,0.03,1.0,0.0,-0.2713,inf,-inf
0x13e5c10e9760d6cab6cee204dabae7922505420a,141,16,9187.23,0.2213256879385843,0.5886524822695035,0.01861063829787234,0.03205006630972989,-0.01343942801185755
0x13ec80db2f651df4cbc651474227a5e83b5ef5a4,1,1,0.08,1.0,0.0,-0.2729,inf,-inf
0x140b8f4554baf49f8da54f283860e5b7b039157d,10,10,10.0,1.0,0.9,0.04963000000000001,0.0942872679633894,-0.044657267963389397
0x144419a123d7fbae33d2f24fa5aa481809e592f0,1,1,0.02,1.0,0.0,-0.2857,inf,-inf
0x146149ca30e12535e1faaea76ec987d771a10943,1,1,0.04,1.0,0.0,-0.2797,inf,-inf
0x146d77cfd23a8478070d3f4ed72fdb7e99601b8e,1,1,0.17,1.0,0.0,-0.2861,inf,-inf
0x14d6f870efafd21525d9f0c5c294d75f5610a251,1,1,0.1,1.0,0.0,-0.2713,inf,-inf
0x1502cb37930b2bd576a003d0545aea04e66c6abe,10,9,744.0,1.0,0.0,-0.46570999999999996,0.0672976183332912,-0.5330076183332911
0x1514989043233940203f7457cae4542b1bf42624,2,1,20.21,0.020286986640277095,0.5,0.019799999999999984,0.030400000000000035,-0.01060000000000005
0x151865f01ad62ca605ef15c8c6ae1f44b6992bd8,2,2,14.11,1.0,0.0,-0.61765,0.03384999999999999,-0.6515
0x1518e86dd998f18a16b02765cccc290b02c9315d,1,1,0.05,1.0,0.0,-0.2857,inf,-inf
0x15297525f927738378934c6257709e1c6ea7d480,2,1,0.01,1.0,0.5,-0.005950000000000011,0.76975,-0.7757000000000001
0x1532b3e9fded6127c366eb571819d79198a03519,2,1,2.2,0.03636363636363629,0.5,0.023249999999999993,0.62265,-0.5994
0x1567a795e499af7c28ff06dbe7ef8ccfe5a66f80,2,1,0.01,1.0,0.5,-0.005850000000000022,0.7698499999999999,-0.7757
0x1597c0313630ef1e8c6ae13acd6c7fb85d90d703,1,1,0.2,1.0,0.0,-0.2857,inf,-inf
0x159c7365d852430501c78360d5d3c719f0cb2280,1,1,4.0,1.0,1.0,0.7637,inf,-inf
0x15aa5c18c6d4dd01aea2baaed9d03c074005d51e,5,3,40.62000000000001,0.5086164451009354,0.4,-0.004740000000000015,0.04927745529144133,-0.05401745529144134
0x15ae79d7cd60b2a7f06ae46eb4c7a0eb16096ffd,177,20,29684.57,0.5415119706972342,0.615819209039548,0.09136497175141242,0.027681309345772096,0.06368366240564033
0x15c1aa21fcf5286f0d3596a054752e52a85b3d99,5,3,509.0,1.0,0.4,0.006859999999999977,0.17390572906031587,-0.1670457290603159
0x16765daefd25a2e81972b86f2ca58b2d30aa692b,2,2,60.0,1.0,0.5,-0.011099999999999978,0.1004,-0.11149999999999999
0x1687b471647682b54c54bc0d9bfff5e4cf23cfdc,1,1,246.86,1.0,1.0,0.1049,inf,-inf
0x16c2196afb4acb718a2ea5c3cda63a9f5d1f5d6a,2,1,0.01,1.0,0.5,-0.02529999999999999,0.7890999999999999,-0.8143999999999999
0x16c60afa8ef3f48d53885b1f0e0603e2db80ba30,2,1,0.01,1.0,0.5,-0.006249999999999978,0.7700499999999999,-0.7762999999999999
0x17035ddf894e6ba29069b884482d310d901d1359,6,1,2062.3199999999997,0.836737266767524,0.3333333333333333,-0.028183333333333338,0.22965481549006933,-0.25783814882340267
0x171f5e525557ec4a1901cad28c01836b6f480e6f,1,1,0.04,1.0,0.0,-0.2733,inf,-inf
0x1741090fc63104056171fd38ebd06455c24976c0,2,1,0.01,1.0,0.5,-0.005950000000000011,0.76975,-0.7757000000000001
0x174cb497e80b5675da1bdcf2706d27f439b1cf64,5,3,506.28000000000003,0.5623370466935291,0.4,0.0573,0.17184410085888896,-0.11454410085888897
0x1779d12aa22373e8c6285cd86f143272818e97e9,2,1,1.9900000000000002,0.06532663316582914,0.5,-0.024400000000000033,0.6357999999999998,-0.6601999999999999
0x179578c296027bb8d3f74798d569e89cdb4c4a2b,2,1,2.14,0.009345794392523372,0.5,0.00605,0.6357499999999999,-0.6296999999999999
0x17d5e2f2dcb09f4141ebf966310d125a03d895a6,3,1,59.94,0.038038038038038055,0.6666666666666666,0.08363333333333334,0.07854651134483599,0.005086821988497345
0x1803c6c735bff259656a892da1c38d6daf38de86,3,1,0.05,1.0,0.0,-0.28826666666666667,6.666666666665934e-05,-0.28833333333333333
0x1825f65b52d758351e34b9c7934de432bcb1d4e3,2,1,0.01,1.0,0.5,-0.004349999999999965,0.76785,-0.7722
0x182e533b58d0c19c7ad18a58c6148691f6a14b5f,1,1,0.05,1.0,0.0,-0.5778,inf,-inf
0x185889091b47c4cf6479bcfa742a2392d3ad4501,2,1,0.01,1.0,0.5,-0.005950000000000011,0.76975,-0.7757000000000001
0x1867edb1027ff7202f6c13caf61bc733bb3be0fb,1,1,0.08,1.0,0.0,-0.2713,inf,-inf
0x18681d70a47d757ed924efdb702963b5bab8de58,1,1,0.01,1.0,0.0,-0.2713,inf,-inf
0x187e77829bfc34baf767096c770934faab03baaf,1,1,0.05,1.0,0.0,-0.2713,inf,-inf
0x188377d2234b1048defbb984fa862965d0e4f9d1,8,7,1799.0,1.0,0.375,-0.31775000000000003,0.14963589857670231,-0.4673858985767023
0x188b1a39af42c30c5063b242f021aa5fba7e3dd1,2,1,65.3,0.5313935681470139,0.5,-0.22349999999999998,0.42069999999999996,-0.6441999999999999
0x18942a1be861b5a1dc58c545c91ba49390c56422,1,1,0.04,1.0,0.0,-0.2756,inf,-inf
0x18ba28426deb31fde90fd97ac9b3044da04ebf87,1,1,10.0,1.0,0.0,-0.1451,inf,-inf
0x18e3c4f56f442271ea4f967e78ddf8f29bf2cea1,1,1,0.07,1.0,1.0,0.36539999999999995,inf,-inf
0x1901c142be84b94934658ef01aa7ce7268576836,1,1,0.01,1.0,0.0,-0.2729,inf,-inf
0x1903ba29342100e2e67eb6843599fafba327ef93,5,1,0.02,1.0,0.6,0.14926000000000003,0.3761436462310642,-0.2268836462310642
0x190cdaed1bb07b82bdd3922f34a242c357124214,1,1,0.02,1.0,0.0,-0.2642,inf,-inf
0x197bd32876fe9f1c93a75e778c4faeb9a6c8f7cc,1,1,0.1,1.0,0.0,-0.2797,inf,-inf
0x197d6d72efb85d2f7006871f2b66aa1239ff8b05,1,1,0.02,1.0,1.0,0.7637,inf,-inf
0x19811891b6aa6878fb7fdf4973a362655a83b0f7,2,1,0.01,1.0,0.5,-0.004349999999999965,0.76785,-0.7722
0x198b30b5832b4608d9b7fbb6b613c9205498a1dc,4,2,120.0,1.0,0.5,-0.239525,0.22464167903203835,-0.46416667903203834
0x19907b1c46d2a22f5331b7020beadd1a2580e5c9,2,1,0.01,1.0,0.5,-0.0041500000000000425,0.77155,-0.7757000000000001
0x19d446be7be9f3f0b47e53b6e1b901f8381de4b5,1,1,1.0,1.0,0.0,-0.782,inf,-inf
0x19e96009c559240e82b40f98b75d7a96baa0a10f,2,1,2.0,0.07,0.5,-0.024400000000000033,0.6356999999999999,-0.6600999999999999
0x19e9a2f930fac93d021c5a4956c95c38d99a0526,13,7,391.72,0.7453282957214337,0.15384615384615385,-0.1676923076923077,0.07523551863514866,-0.24292782632745635
0x1a2d14eb3fa129b3c1516f4fa0a75bd37003715e,2,1,0.01,1.0,0.5,-0.01589999999999997,0.7797,-0.7955999999999999
0x1a4922e482f275000fe9ed1ca7ab8d72f7b9caa1,2,1,0.01,1.0,0.5,-0.006199999999999983,0.77,-0.7762
0x1a4dd101eb566d4044e2efb90cd4f237633b9af7,2,1,0.01,1.0,0.5,-0.005850000000000022,0.7698499999999999,-0.7757
0x1a6a650cb4fd73bc832b570a7efacf66a2c9d482,1,1,0.13,1.0,0.0,-0.2861,inf,-inf
0x1a8a6d767ed98ef675cc2b0bf6fac8e085323f67,3,3,247.22,1.0,0.6666666666666666,-0.12050000000000001,0.2487657599697622,-0.3692657599697622
0x1ae05962a29b52eddebd627c18bebb6f50fd1d03,2,1,0.01,1.0,0.5,-0.004100000000000048,0.7716000000000001,-0.7757000000000001
0x1aebfc735aff43dbc7e4cd0969e5a5d23c66a135,1,1,0.16,1.0,0.0,-0.2861,inf,-inf
0x1b12026b7620aa2633a79b878e313c05025195f2,1,1,0.04,1.0,0.0,-0.2797,inf,-inf
0x1b23adc53a610cea5e57219150a2aabe56dec120,2,1,2.2,0.03636363636363629,0.5,0.023299999999999987,0.6226,-0.5993
0x1b2bac8c5f1875c5edea83a9723c603d344d9115,22,6,494.93000000000006,0.14686925423797303,0.4090909090909091,0.014768181818181817,0.05301600321423973,-0.03824782139605791
0x1b589a90eaebcfa9dd059e1800f238d46001d05c,2,1,0.16,1.0,0.0,-0.2713,0.0,-0.2713
0x1b701b7cd25d8712967a7c9e94d9fcdfb488f078,2,1,0.01,1.0,0.5,-0.005950000000000011,0.76975,-0.7757000000000001
0x1b9423b3846283d76159c9fa8fefa2ad1b71b024,2,1,2.2,0.03636363636363629,0.5,0.023299999999999987,0.6226,-0.5993
0x1ba03cd0d46e1876063e43023356ade0fadd5e26,1,1,0.02,1.0,0.0,-0.2857,inf,-inf
0x1bd4d245586a8e2079762431f46d9e0928baab46,2,1,14.469999999999999,0.04768486523842436,0.5,0.009800000000000017,0.2077,-0.19789999999999996
0x1c20fef32222b7b59f043a748dc0bdb1095cfdc5,5,1,160.26,0.13914888306501932,0.4,-0.14638,0.261898582279477,-0.408278582279477
0x1c2b5d941f537bcd224c86715f7e656ba9e115aa,5,1,0.04,0.4999999999999999,0.6,0.14928000000000002,0.3761314004440469,-0.2268514004440469
0x1caabaf69a227b759585e0c87abbae8f2f64f5a2,12,9,160.33999999999997,0.6256704502931272,0.5833333333333334,-0.038883333333333346,0.08677100115484516,-0.1256543344881785
0x1cba7e44bcfd5acc4513f554ab9e86453d086a4c,1099,30,18047.89,0.12888764282140458,0.521383075523203,0.023660145586897174,0.01207666844695879,0.011583477139938384
0x1ccbfe7c3581b5bbdca85c44988783a985e34434,2,1,0.01,1.0,0.5,-0.005950000000000011,0.76975,-0.7757000000000001
0x1cd4c661925ff6db02511bfb17e147f3e9d2117f,1,1,0.15,1.0,0.0,-0.1559,inf,-inf
0x1cd6f497140ef19b629824247839d542b0764c96,2,1,0.01,1.0,0.5,-0.004100000000000048,0.7716000000000001,-0.7757000000000001
0x1cdff8114baec82855f2e0de18996e04f91cceef,41,20,191.56,0.41198580079348507,0.5609756097560976,-0.003195121951219515,0.06608650714203607,-0.06928162909325558
0x1d1ab59f174cd799aba36a4f46596daad401c576,1,1,0.17,1.0,0.0,-0.2861,inf,-inf
0x1d1d32b84cadb003db7843581747f895abbed671,2,1,0.01,1.0,0.5,-0.0041500000000000425,0.77155,-0.7757000000000001
0x1d330b1a2d9b29937121c912f39b45952ae891ad,35,11,2699.62,0.9569272712455829,0.5714285714285714,0.012111428571428577,0.06931909819313667,-0.05720766962170809
0x1d382f9f3b2e4fd5fb68bac3ee0b8727b75f3036,2,1,0.01,1.0,0.5,-0.004100000000000048,0.7716000000000001,-0.7757000000000001
0x1d616707b6d7e9b5de072239343363b562f62545,1,1,0.01,1.0,0.0,-0.2713,inf,-inf
0x1d7d1ef5833968a8022cb5fdb4479607dee20133,2,1,0.01,1.0,0.5,-0.0041999999999999815,0.7679999999999999,-0.7721999999999999
0x1d85334cb8666fe87ebda3bd11dd1f06fa02bae2,1,1,0.17,1.0,0.0,-0.2861,inf,-inf
0x1d8d79b9790fda1b42000fdbfa4ad6bf9c5513e6,2,1,0.01,1.0,0.5,-0.005950000000000011,0.76975,-0.7757000000000001
0x1dbad2c7a64f3745cc0bb0913217dbbff815d483,1,1,0.07,1.0,0.0,-0.2756,inf,-inf
0x1dec3664d1e9c8b089aaf15249e8b7bfb922951c,2,1,0.01,1.0,0.5,-0.005850000000000022,0.7698499999999999,-0.7757
0x1e57bbcc4cc2f8a91cfa101e4bab5ed84bfcd32c,1,1,0.1,1.0,0.0,-0.7429,inf,-inf
0x1e66f5de8621fcc48dee54de4f6d4d41647e9d0f,1,1,0.3,1.0,1.0,0.13959999999999995,inf,-inf
0x1ebb4a058a1bf7cc14d39f29f1d7130bf54c47ac,2,1,2.2,0.03636363636363629,0.5,0.023999999999999966,0.6223,-0.5983
0x1ee3b362cbcd45db49ced8b03f4f2f7145d761e8,2,1,0.04,1.0,0.0,-0.2882,0.0,-0.2882
0x1eee7a513f09bcee2320df357c5ffc85f755e26c,2,1,0.01,1.0,0.5,-0.006299999999999972,0.7701,-0.7764
0x1efed369b3fd8a0525acd5c3933a05728751cee1,1,1,50.0,1.0,0.0,-0.7509,inf,-inf
0x1f096526114149e65f8c688641b0528b9d9e20ce,2,1,128.96,0.5508684863523572,0.5,-0.24359999999999998,0.4421999999999999,-0.6858
0x1f0a343513aa6060488fabe96960e6d1e177f7aa,7,3,486.55,0.13628609598191346,0.5714285714285714,0.10045714285714284,0.1576587330992133,-0.05720159024207046
0x1f3fe65bc85ea7120e3de7a1aac7508d22de2496,2,1,0.01,1.0,0.5,-0.005950000000000011,0.76975,-0.7757000000000001
0x1f6b2014a253ef0bbdf8e438a048b35dcc10e0d1,5,1,1157.54,0.05395925842735459,0.6,0.14054,0.37448604593495866,-0.23394604593495866
0x1f7509f4a0dbca81a0f50c8a403089ecbdfe8108,1,1,0.04,1.0,0.0,-0.2797,inf,-inf
0x1ff81827b528651ed6619ee714362a258400d1aa,6,3,10.78,0.8293135435992579,0.8333333333333334,0.14791666666666667,0.08889968285157779,0.05901698381508888
0x200544427dfc822652cb55ca5ca9f99476a9e414,1,1,57.72,1.0,1.0,0.26249999999999996,inf,-inf
0x2041a28d760fca6a12d4cc56804376057e795eb1,2,1,64.0,0.375,0.5,0.21245000000000003,0.4336499999999999,-0.2211999999999999
0x206f8be9dbc20b04da9dc1c8ddf1fb7844386b0f,1,1,0.08,1.0,0.0,-0.2883,inf,-inf
0x207a46850c518709c77f842cc8716ef7a36e9563,1,1,70.5,1.0,0.0,-0.6642,inf,-inf
0x2093767f9f468bfd7bf345f94fc38cb2d7bc04d6,2,1,0.01,1.0,0.5,-0.006299999999999972,0.7701,-0.7764
0x20cc0048730d9aee52610f5e1b9aa2574a7c6f67,1,1,0.14,1.0,0.0,-0.2861,inf,-inf
0x20d977280236818894f8d1752bc567d6e0133ac7,2,1,0.01,1.0,0.5,-0.005950000000000011,0.76975,-0.7757000000000001
0x20ddf9afadc9ec30f0093730380f5bdd9cb5a3e6,1,1,0.02,1.0,0.0,-0.2882,inf,-inf
0x20f9f2a31a81cb3cbf4217349e5f57406f5a8347,13,10,193.78,1.0,0.0,-0.13567692307692306,0.03457284608461578,-0.17024976916153883
0x20fcf86eda8ee08da57abe8ca35eab7f455398be,1,1,0.05,1.0,0.0,-0.2738,inf,-inf
0x210e6251ee621f33784760e6ce7667158292e396,1,1,0.03,1.0,0.0,-0.2712,inf,-inf
0x2110546c1fdf8c1621b8faa78bc85eb185386181,2,2,150.0,1.0,0.5,-0.1595,0.32099999999999995,-0.4804999999999999
0x2113cf9d1330d355cdf44e5d01764542d32e4115,1,1,0.05,1.0,0.0,-0.2797,inf,-inf
0x213410b9e7820b0f2b8282d7d373f0e7b14f649a,1,1,5.0,1.0,0.0,-0.7111,inf,-inf
0x215408e6b12aa20030c91a2a0660e7b0600869a1,1,1,216.33,1.0,0.0,-0.6911,inf,-inf
0x218b6e2dcd40eada97d7c14dff91a52057c55fe5,1,1,0.02,1.0,0.0,-0.2642,inf,-inf
0x21cb0931cd7c71a8c4bf58aaf597f55b9d954871,2,1,2.91,0.31271477663230235,0.5,0.16964999999999997,0.45854999999999996,-0.2889
0x21d07a5ef7c8e884eb015a74d10e6f893272d4be,2,1,0.01,1.0,0.5,-0.0041999999999999815,0.7679999999999999,-0.7721999999999999
0x21f86f95f14e70a675da576eb15caa7a5ac10da3,5,5,28.019999999999996,1.0,0.0,-0.4575,0.1068228486794843,-0.5643228486794843
0x22253a3c0d065b4d601dbbabe75aa69efa3fbca6,1,1,0.15,1.0,0.0,-0.2672,inf,-inf
0x2232419f09d4ac38eb71340ef2cc2eadd71009ff,6,1,800.0,1.0,1.0,0.3292833333333333,0.06516492111899197,0.26411841221434135
0x2252f31ee32e0984dd1f85e17c5255de6787e465,81,7,10088.239999999998,0.6734633593173835,0.2222222222222222,-0.039580246913580246,0.032480913646255924,-0.07206116055983616
0x22c554595cab211bc509f2fc3f1a4e1df6e5e99b,2,1,0.01,1.0,0.5,-0.004349999999999965,0.76785,-0.7722
0x22c6e161450b93f904384795a2b4ca0eee4a5f42,1,1,0.02,1.0,0.0,-0.2729,inf,-inf
0x22f45876a72b1e9acbee93e2fe168a0a3c23cf82,1,1,0.07,1.0,0.0,-0.2756,inf,-inf
0x22f9a7ef9bd8c1ae5037e1a90fe0dd06a72aff9c,2,1,0.01,1.0,0.5,-0.006299999999999972,0.7701,-0.7764
0x231f05bea7e0759fc219bf7472efb5bf349c2348,1,1,0.02,1.0,0.0,-0.2642,inf,-inf
0x236f2f7c34a67e1ca2d4e63c0a22a17cdad6413f,10,7,830.0,1.0,0.9,0.30613999999999997,0.07472762868503782,0.23141237131496215
0x23b02e16dbb2617b4c69e1c55e2076e63dc921ba,1,1,0.1,1.0,0.0,-0.2859,inf,-inf
0x23b66c9663eac7719b2a6257fa274ff30d1f1c76,1,1,0.02,1.0,0.0,-0.2733,inf,-inf
0x23d53a1a79c31a07ebec07b34710623e8a7b7722,2,1,0.01,1.0,0.5,-0.0042999999999999705,0.7681,-0.7724
0x23d8b7f2a6a5bd2670e37fc1a5ccd74d01573e39,1,1,0.04,1.0,0.0,-0.2881,inf,-inf
0x23dbb5ac6d1b42987254ccb492cb3a7151de4f59,1,1,3.38,1.0,1.0,0.6036,inf,-inf
0x240ef63c0a034ae7e619c3551316cfc092b17c6d,1,1,0.02,1.0,0.0,-0.2713,inf,-inf
0x241bc649d519ef16eb77c4e49216f06f402a9843,1,1,0.04,1.0,0.0,-0.2857,inf,-inf
0x241d500d83bf50b56e517215797f0b67c1effdc2,1,1,0.08,1.0,0.0,-0.2728,inf,-inf
0x24862d70922f8926a7475064f3a62e113d9d0999,2,1,0.01,1.0,0.5,-0.025249999999999995,0.7890499999999999,-0.8142999999999999
0x24a477ef6261c4f572a2d0b99ee09d1894c331a0,1,1,0.04,1.0,0.0,-0.2857,inf,-inf
0x24a555e90457f34678c30d0f8bac31a8c3817f6c,4,1,363.32000000000005,0.029505669932841556,0.5,0.013600000000000001,0.43518205960264494,-0.42158205960264494
0x24e6ef6da07030d7bfa516065b81a71261534765,1,1,0.03,1.0,0.0,-0.2733,inf,-inf
0x24e93477523167dcac039dba5a29e15929d0c65a,4,1,0.98,0.02040816326530614,0.5,-0.009800000000000031,0.28047700143386683,-0.29027700143386687
0x2534db804b7ffcd787061459cbd18a2be5a372af,2,1,0.01,1.0,0.5,-0.005950000000000011,0.76975,-0.7757000000000001
0x25749ea8441cdaaa0178e02df1d6db38acdb1926,2,1,0.01,1.0,0.5,-0.004349999999999965,0.76785,-0.7722
0x2590641a9ac4611fd6b6ec4cb5a629b5f70e9c5d,1,1,28.14,1.0,1.0,0.08599999999999997,inf,-inf
0x25abc475a7703b482d36566ceac29ca84369dc59,1,1,0.02,1.0,1.0,0.7637,inf,-inf
0x25ac00a971b3bcedbe7c815317873724f2e689c4,2,1,0.01,1.0,0.5,-0.004349999999999965,0.76785,-0.7722
0x25d1f6e1d045a6494e12135398d2555e6061f9b4,1,1,0.08,1.0,0.0,-0.2728,inf,-inf
0x26051d6733c1bb514d8af9b821659e9241750dde,2,1,8.01,1.0,0.5,-0.2542,0.40390000000000004,-0.6581
0x2608112e22d5e0b6175c92229f2e06e62e33a616,14,5,364.45,0.60345726437097,0.2857142857142857,-0.11277142857142856,0.07046820140838791,-0.18323962997981647
0x262ad8ddf59a8fd1086b94ecc2874e0d3746c744,1,1,0.02,1.0,1.0,0.7637,inf,-inf
0x26330c93da4f312a6da91803b9380d3da8cc868d,1,1,0.49,1.0,1.0,0.7638,inf,-inf
0x26493cd2cdd8d2ae0e04e43274097e1477d5a388,4,1,0.35000000000000003,0.7142857142857144,0.75,0.23662499999999997,0.23498751518254468,0.0016374848174552925
0x267a13551ac728524acea64641ad2ea1437d7d48,2,1,0.01,1.0,0.5,-0.004349999999999965,0.76785,-0.7722
0x267bba261832753f338c20091d027b4bb307d3e2,25,3,7427.43,0.4336614414407136,0.4,-0.06091600000000001,0.07716500192876732,-0.13808100192876732
0x269026739f9c408fa4b6d3ca257e5f75f7042770,1,1,0.02,1.0,0.0,-0.2733,inf,-inf
0x26a1a7ea281f508b25ed4420592acb2e744fd698,2,1,0.01,1.0,0.5,-0.005950000000000011,0.76975,-0.7757000000000001
0x26a6516748421ef674c7c08187431805bd34450c,1,1,0.02,1.0,0.0,-0.2713,inf,-inf
0x26ae58196009b5e9297225fb211e24695696f593,1,1,0.3,1.0,1.0,0.6036,inf,-inf
0x26bb0cadebfb61aad12f76b2b2884853c812adfb,2,1,1.98,0.02020202020202022,0.5,-0.01605000000000001,0.11765000000000003,-0.13370000000000004
0x26ed869635fb1ec3d4c81b3a5ff634dedaa1e61c,2,1,0.01,1.0,0.5,-0.0041999999999999815,0.7679999999999999,-0.7721999999999999
0x26fefc6e0cf2f83a26a53c32f5ee737ebde506c6,1,1,0.1,1.0,0.0,-0.7731,inf,-inf
0x2700f9c42d542c2848d3ac824c9e399b4033eb49,2,1,0.01,1.0,0.5,-0.0041500000000000425,0.77155,-0.7757000000000001
0x27051b9880802be93d3f41a610e572ff0fc6eaad,2,1,0.01,1.0,0.5,-0.0041999999999999815,0.7679999999999999,-0.7721999999999999
0x27069b2f148bca0bd5ac2d8c7baed604d313fdb5,1,1,0.08,1.0,0.0,-0.2729,inf,-inf
0x27200a506101c65a96bad0de9281d93d40db6179,4,4,289.0,1.0,0.75,-0.050474999999999964,0.19605421178422394,-0.2465292117842239
0x273293f5cb8f85aa20ff4883b70ccc47d79a2c8c,5,1,110030.58,0.999444154525042,0.2,-0.56188,0.14306094645290166,-0.7049409464529017
0x2795ab961269672466767d9e9eb58a4cd33115e8,4,2,1077.22,0.05885520135162734,0.5,-0.04422499999999999,0.22898980463112326,-0.27321480463112324
0x27a5028249dac666cb4af42185aef63dc7200487,1,1,0.04,1.0,0.0,-0.2865,inf,-inf
0x27d0ad36bee56102727a62391fe067045a7fb377,2,1,0.01,1.0,0.5,-0.004349999999999965,0.76785,-0.7722
0x27ee4e1dede0f514f318b3bef7ad820f34cb8821,1,1,0.08,1.0,0.0,-0.2729,inf,-inf
0x280f0403d64300e481ce676531e7c566b04992c5,1,1,0.02,1.0,0.0,-0.2882,inf,-inf
0x2832cc2e7b982547fb3de39183cea62c86ea2a21,1,1,0.08,1.0,0.0,-0.2883,inf,-inf
0x284f97962adfa58f3a3dc979f747cf5db60e5370,1,1,0.17,1.0,0.0,-0.2861,inf,-inf
0x2855eeff701562e21558d36d3dd28cbd739bafff,54,8,979.39,0.1672163285310244,0.4074074074074074,-0.04987592592592592,0.0476147810979111,-0.09749070702383703
0x2874b98ca69070ab1989f789603ce2b667274c57,2,1,0.01,1.0,0.5,-0.004100000000000048,0.7716000000000001,-0.7757000000000001
0x2877d0147768bded5e8f359ce86eb15a67026e78,1,1,7.54,1.0,0.0,-0.6612,inf,-inf
0x28a23eec4ff0671cf2a2b305e9e7921a323cb170,1,1,0.02,1.0,0.0,-0.2882,inf,-inf
0x2949dc83ab3a955f8674833742bbd7eafa47e3bf,1,1,0.3,1.0,1.0,0.7253000000000001,inf,-inf
0x296bd652f74deac6a8bd9bcb04265f3a65fd2cf2,2,1,79.62,0.5071590052750564,0.5,-0.23275,0.4589499999999999,-0.6917
0x298d62f9eb3765cfa80d77151de5fd6cbb710cbe,1,1,0.02,1.0,0.0,-0.2642,inf,-inf
0x29a7950adf37e172bc3b9b1453e8634596b56630,7,2,2014.96,0.1715666812244412,0.14285714285714285,-0.11529999999999999,0.0875681530499041,-0.20286815304990408
0x29ff7aeb414311e5ce19fb23bd92ec3013d7b561,1,1,35.38,1.0,1.0,0.6105,inf,-inf
0x2a13c7b9ab9146e808c2ffa1533a71b47c12447b,2,1,0.01,1.0,0.5,-0.004349999999999965,0.76785,-0.7722
0x2a723dbbe2de64cbf5792c495576e14a12a8dcb7,1,1,0.02,1.0,0.0,-0.2882,inf,-inf
0x2aaf8238ff0ec739c3ffdafd61f5acd10d7cf52a,1,1,0.03,1.0,0.0,-0.2712,inf,-inf
0x2aea6084db77899d65a2677c2a555cf50becbfab,2,1,0.01,1.0,0.5,-0.0041999999999999815,0.7679999999999999,-0.7721999999999999
0x2aeea7d31f21f3ece5326a18231d321284bc346b,1,1,0.02,1.0,0.0,-0.2713,inf,-inf
0x2af449d2b3df1acddb52a51ac65af4418300fcc0,1,1,0.1,1.0,0.0,-0.2728,inf,-inf
0x2af70cd4970a57791be75f5bd3fde01382b767bb,1,1,0.18,1.0,0.0,-0.2861,inf,-inf
0x2b0394e9a451b4f9d5f4f943da0d9670ed6ebc1e,1,1,0.15,1.0,0.0,-0.1559,inf,-inf
0x2b1ba8c6e5bbabdf3cd9cdd0539f3ed0715ccfdd,2,1,4.38,0.2511415525114156,0.5,-0.11204999999999998,0.55235,-0.6644
0x2b40793913bc52da0d453568a9e03040fe6c43df,1,1,976.78,1.0,1.0,0.1473,inf,-inf
0x2b9b0cda300ee93ba73bb58bbda14fdb19397feb,75,15,2089.5699999999997,0.4604344434500878,0.6,-0.02253066666666666,0.04183521082495902,-0.06436587749162569
0x2ba9291c5d2ffb4591589de761b5663127f02680,1,1,0.04,1.0,0.0,-0.2713,inf,-inf
0x2bb655bbfb21b4f8aab3e40f0b26f6cf74b81b77,5,1,0.02,1.0,0.6,0.14926000000000003,0.3761436462310642,-0.2268836462310642
0x2bce71a41c246748bad2ddb7f32fd0fa6c734a60,1,1,0.02,1.0,0.0,-0.2882,inf,-inf
0x2bced3dc7d78016792d42a7240399e35b7fa13cd,1,1,0.04,1.0,0.0,-0.2728,inf,-inf
0x2bf144f83224a3a6bba49564762f86628ecb9236,2,1,0.06,1.0,0.0,-0.2857,0.0,-0.2857
0x2c1e798789b89bfb26ad1d6cb45a8b041c14d8d9,2,1,0.01,1.0,0.5,-0.005950000000000011,0.76975,-0.7757000000000001
0x2c22b867083a101d9db3c6cfdc0f6926c16b3597,2,1,0.01,1.0,0.5,-0.005950000000000011,0.76975,-0.7757000000000001
0x2c34687b4b73594f015d0ff29d705ed7d64e026f,8,5,3401.54,0.7060155106216596,0.5,0.08917500000000002,0.14715625290097986,-0.05798125290097984
0x2c43ef2f49c91f578d55cbf92a36270f58001917,2,1,2.16,0.009259259259259267,0.5,0.006149999999999989,0.63585,-0.6297
0x2c8f5555b37fde6be6d0a8ff5a490e71b535d94d,2,1,11.04,0.09420289855072465,0.5,0.0189,0.2008,-0.1819
0x2c91f0e628700de691643d9999397f324f8494d2,1,1,0.04,1.0,0.0,-0.2881,inf,-inf
0x2c9c1f6cb1ad6abb7c99ea5a0553be777a95cf1a,2,1,0.07,1.0,0.0,-0.2733,0.0,-0.2733
0x2caf16fb199dcd7b5dff3a70ca95a0b16911bbc9,1,1,0.08,1.0,0.0,-0.2729,inf,-inf
0x2cf4d30109f2f7ce82fe45badb33fea2230c09d0,1,1,0.1,1.0,0.0,-0.2728,inf,-inf
0x2cfac3dff914ce4c45444d4058ab91b84610003c,1,1,0.08,1.0,0.0,-0.2728,inf,-inf
0x2d12fc96801c52ff83a134feb92d3d986e12f82b,1,1,0.02,1.0,0.0,-0.2713,inf,-inf
0x2d149749acc4f92209ac9b0b2c370f4893d89c04,1,1,0.08,1.0,0.0,-0.2883,inf,-inf
0x2d18760183099a8d607542231abcc5ff2b9b0068,1,1,0.08,1.0,0.0,-0.2713,inf,-inf
0x2d2d8378e39ae8bcdf7ffb85adeb86bd96336e21,1,1,0.03,1.0,0.0,-0.2713,inf,-inf
0x2d4abf3df5d6247952476eff46b9a6b4a8c6c036,1,1,0.04,1.0,0.0,-0.2713,inf,-inf
0x2d4b1319753babf1531ac3484e068b6dedc92848,4,2,5.89,0.018675721561969456,0.5,-0.011399999999999993,0.27061864619177056,-0.28201864619177053
0x2d6059cea6dc22d12be903af6b00cd69286ac704,2,1,9.030000000000001,0.10741971207087482,0.5,-0.08789999999999998,0.18230000000000002,-0.2702
0x2d73bdfb9ee634eb0b30d2b69977f5321784b874,1,1,0.1,1.0,0.0,-0.2859,inf,-inf
0x2d7c3701f832a3f031226ad402ad848c51636972,2,1,97.97000000000001,0.960600183729713,0.5,-0.011899999999999966,0.6547999999999999,-0.6666999999999998
0x2de6621c01ca83644b3398bd58ebaf765a1a9f55,1,1,0.02,1.0,0.0,-0.2729,inf,-inf
0x2e057c4fe869cb685f806ca2cf0c8f82d7db18e0,1,1,0.02,1.0,0.0,-0.2654,inf,-inf
0x2e36588dac56f6ec1a41123bf966600d336a0982,1,1,0.02,1.0,0.0,-0.2883,inf,-inf
0x2e41d5e1de9a072d73fd30eef9df55396270f050,10,7,10925.0,1.0,0.0,-0.45572999999999997,0.06379259283020247,-0.5195225928302024
0x2e4279419cc6aa6f6a424b45ce987a81324ba345,1,1,0.08,1.0,0.0,-0.2729,inf,-inf
0x2e4beab851dada73cd71f9c405f2eaf4533dbc6f,1,1,0.01,1.0,0.0,-0.2729,inf,-inf
0x2eacfbbba0b72f536c8583067674a1932d05d068,2,1,0.01,1.0,0.5,-0.004349999999999965,0.76785,-0.7722
0x2eb6d4a6901f39f20215471b34da7588b64f99f2,1,1,0.02,1.0,0.0,-0.2729,inf,-inf
0x2ecda3164824143b85e21d0de79e1fb4b4d52d8a,1,1,0.07,1.0,0.0,-0.2728,inf,-inf
0x2eee71be27820cb806c129f408f6b2345f30a8ec,6,6,6000.0,1.0,1.0,0.3958,0.07814552663673932,0.3176544733632607
0x2efaae50873251f1a774f3c4f9646c119844f555,1,1,0.07,1.0,0.0,-0.2728,inf,-inf
0x2f054c0e55ce507083f515d965ca4458d9149f1d,1,1,0.07,1.0,0.0,-0.2756,inf,-inf
0x2f0d0965066fa65b1fa198ce3f5a5a0057ac062f,1,1,0.05,1.0,1.0,0.36539999999999995,inf,-inf
0x2f185becc0a888ceb8b92fcf6fa613519bcdf198,1,1,0.03,1.0,0.0,-0.2733,inf,-inf
0x2f241276d9e7060578b0b8488b9f3f300e06cad0,1,1,0.01,1.0,0.0,-0.2882,inf,-inf
0x2f3a4c6f00a204e24d4d0d7a72ca3f92b40887e4,1,1,0.07,1.0,0.0,-0.2756,inf,-inf
0x2f53a80b6004db8dda5bb982614cca025586dde0,2,1,0.01,1.0,0.5,-0.004349999999999965,0.76785,-0.7722
0x2fd60272cb986c16488c02e455cc1dd27fe840be,1,1,0.03,1.0,0.0,-0.2712,inf,-inf
0x2fdf080de8e46362ab7cc85b653344afc1c0fca8,1,1,0.02,1.0,0.0,-0.2882,inf,-inf
0x2fe50dea816aa72fb471374f690a0423b0af5a52,2,2,104.0,1.0,0.0,-0.19595,0.04154999999999999,-0.2375
0x2ffa09cd1abf18376193bde7eee3af528419e94e,1,1,0.01,1.0,0.0,-0.2729,inf,-inf
0x303fda368f96b458b6e89a6631b5d85810e9211f,1,1,0.34,1.0,1.0,0.7247,inf,-inf
0x3044719478331f12f19e36ca3302122e3af921f1,4,2,1054.67,0.6760124019835588,0.5,-0.25795,0.24738685460899762,-0.5053368546089976
0x3049dde3e1cbc513f72dc55d9baf31d8e3f37ec7,1,1,0.07,1.0,0.0,-0.2728,inf,-inf
0x30af50d04b9c1ddef67ae39996f9607c0f14aa32,2,1,7.05,0.7645390070921986,0.5,0.015350000000000013,0.054950000000000006,-0.039599999999999996
0x30d3f2130c897d02c417a446f9d8aaf296f91913,1,1,0.17,1.0,0.0,-0.2859,inf,-inf
0x30e443872ddf63b2908a49f92cd690c304a55102,47,8,7392.259999999999,0.2302408194516968,0.5531914893617021,0.011227659574468083,0.06175402174502328,-0.05052636217055519
0x3103d6e300039357d15369d645fba0fe3c17ea70,2,1,203.07999999999998,0.5855820366358087,0.5,-0.24670000000000003,0.42129999999999995,-0.6679999999999999
0x318599e5a119417c253632ab1921b71053641c9c,1,1,0.17,1.0,0.0,-0.2861,inf,-inf
0x318a03b7a6ec9f944d2b264b277b9851799af8fe,2,1,1.9300000000000002,0.10880829015544044,0.5,-0.04139999999999999,0.6224999999999999,-0.6638999999999999
0x31aee7bd000636d23a4902569ee5e20d2851cafe,1,1,0.02,1.0,0.0,-0.2729,inf,-inf
0x31ba9215665a2d5176119f36c1a762b4446491d0,49,1,18131.12,0.01813897872828601,0.5102040816326531,0.0011918367346938844,0.08805039493342104,-0.08685855819872715
0x31bf2277dbe48c6355cc1527e1e080f5a5987af7,1,1,0.03,1.0,0.0,-0.2713,inf,-inf
0x321e633bc8238dbf7cd1f43859a3fbd88ac62e03,2,1,0.01,1.0,0.5,-0.005950000000000011,0.76975,-0.7757000000000001
0x32356c8d98af669666be43de818140cf488014f4,1,1,0.01,1.0,0.0,-0.2733,inf,-inf
0x327a80c5fd653ab83bdc9e9d51cb19aeb625b5ea,1,1,0.03,1.0,1.0,0.45209999999999995,inf,-inf
0x32ab61be19e11850fa95c69ad2fec046c466299d,2,1,1.25,1.0,1.0,0.5397,0.04139999999999999,0.49829999999999997
0x32afe57db4e647203e411ed07bf3fda7bfac6f0e,7,2,854.04,0.24947309259519462,0.42857142857142855,-0.14044285714285712,0.08843795472948644,-0.22888081187234355
0x32ece0ebeac888b35f6bf391fe8037d0593ac4af,1,1,3.0,1.0,0.0,-0.7201,inf,-inf
0x3327719ac117ee97bf2f6cd6a69f42a4c9ab5996,1,1,0.04,1.0,0.0,-0.2797,inf,-inf
0x33640b2a78e363ba8e7c4542679cde9b06e9f99c,1,1,0.04,1.0,0.0,-0.2713,inf,-inf
0x337b4cb9c436ac2f23138a52e59d948883d414f7,1,1,0.1,1.0,0.0,-0.2859,inf,-inf
0x338772401ae00979a5d382e24ee083ecd5232970,2,1,0.01,1.0,0.5,-0.004349999999999965,0.76785,-0.7722
0x33a13f32f127d9896bfec32bb7748a22f16fc79f,1,1,2.0,1.0,1.0,0.6487,inf,-inf
0x33cf246b0227450f6a6465f550a1ba65526a091c,1,1,35.0,1.0,0.0,-0.3472,inf,-inf
0x34167c8473ff5242c1c8883bf68b4af88cda62fc,2,1,1.9100000000000001,0.10994764397905762,0.5,-0.04139999999999999,0.6224999999999999,-0.6638999999999999
0x3420b1cf02c1db9b5597fd0101ac7cfa22b44aa9,1,1,0.27,1.0,1.0,0.7254,inf,-inf
0x34593ef6b443713e4ea706b06c4b63db45437656,1,1,0.07,1.0,0.0,-0.2728,inf,-inf
0x346e6264495004ff771285fdbf7f59c28cabb0ed,12,5,861.68,0.10103518707640895,0.5833333333333334,-0.03348333333333336,0.07275817441665539,-0.10624150774998875
0x348eadffa16299cab0fe81c0d127e96810a2ab8e,1,1,0.17,1.0,0.0,-0.2859,inf,-inf
0x34c30078152a57679d1c0ed3bae5f5f52d3d7d05,1,1,0.05,1.0,0.0,-0.2859,inf,-inf
0x34cbecd3338e1f9a76138edd1f26a385315bdd11,1,1,0.02,1.0,0.0,-0.2729,inf,-inf
0x34cf4c30b14b15e1fbdff2389225ecb99fe9af55,1,1,0.07,1.0,0.0,-0.2756,inf,-inf
0x34eba95ee34752ff8be0e61f95705b7a2d80a630,1,1,0.04,1.0,1.0,0.36539999999999995,inf,-inf
0x354d1c5ac48a5ba43bf3fe559ed3ae42926e50c8,1,1,0.02,1.0,0.0,-0.2882,inf,-inf
0x3562543c1b7975d2d6e3fbc0b8183e561abe2070,2,1,0.04,1.0,0.0,-0.2712,0.0,-0.2712
0x358690bfbac1002210eea07ba1decb65f69aee77,2,1,1.9100000000000001,0.10994764397905762,0.5,-0.041749999999999954,0.6217499999999999,-0.6634999999999999
0x35ab1352914382038e0bb60038f96e3f99511c5e,2,1,0.01,1.0,0.5,-0.004100000000000048,0.7716000000000001,-0.7757000000000001
0x35b6f48612ddfc1cb5af3d34187149c165205479,2,1,0.01,1.0,0.5,-0.004349999999999965,0.76785,-0.7722
0x35d778785d1a53e17f5ae9d6dc9289d66bf8e614,2,1,0.01,1.0,0.5,-0.0041999999999999815,0.7679999999999999,-0.7721999999999999
0x35e23b2254f495047012a0df649e70002db9bf42,1,1,0.1,1.0,0.0,-0.2729,inf,-inf
0x35eafaeb5625ffb122d18f6195652468565f9145,1,1,0.08,1.0,1.0,0.36539999999999995,inf,-inf
0x35eb4cd2908d279e200dfae31f60e02e3310e1ba,3,1,5035.0599999999995,0.7874662863997649,0.3333333333333333,-0.21830000000000002,0.4045296074866873,-0.6228296074866874
0x35fcb641b81166a4c1f36848a13c6dcb6eeab7e3,2,1,0.01,1.0,0.5,-0.004100000000000048,0.7716000000000001,-0.7757000000000001
0x3639f85b54615c471d6876373af58da79381693b,1,1,0.08,1.0,0.0,-0.2728,inf,-inf
0x3657f6a230037cffb6b64ddda7b37c7413e72a16,2,2,4.0,1.0,1.0,0.42375,0.09644999999999997,0.32730000000000004
0x368dab93ea5593628d0b7d778c0801fd3f332a24,197,8,11627.829999999998,0.7630288712511277,0.817258883248731,0.08504314720812184,0.01111188568618145,0.07393126152194039
0x3692f84962beceace0eb7df35420241a4dff0f41,1,1,3.47,1.0,1.0,0.15390000000000004,inf,-inf
0x369537a2c77151b54c7b865f48b2e6dfd44fd532,1,1,133.18,1.0,1.0,0.10660000000000003,inf,-inf
0x36b8d59f73ce6b4daa0e6fd6ae69c5e4ae62cdf9,1,1,0.05,1.0,1.0,0.6255,inf,-inf
0x36d9c4f2ee1f0bc1b60cee2cf3d3131f98d6423b,1,1,0.07,1.0,0.0,-0.2713,inf,-inf
0x36f6f562a27f3b6b9c6211a9377107ff9b764245,2,1,0.01,1.0,0.5,-0.006299999999999972,0.7701,-0.7764
0x3713b196cdda1857eee66998f5620d6e08ef26e9,1,1,0.27,1.0,1.0,0.7266,inf,-inf
0x372e53c1e65ab400048311bf4df74cc85024fa75,1,1,26.33,1.0,0.0,-0.2533,inf,-inf
0x374917504d941722db856c8e9588a19250304886,1,1,0.04,1.0,0.0,-0.2728,inf,-inf
0x37738f6b21cb4230a66bacca7021c70dce0d2dfd,2,1,98.21000000000001,0.018226249872721707,0.5,-0.009500000000000008,0.47719999999999996,-0.48669999999999997
0x377f214dcf389b73949a5291991fb463d1b1f41f,1,1,0.07,1.0,0.0,-0.2728,inf,-inf
0x37a21f591e22a25613220bed233eb2a3e862d261,1,1,0.02,1.0,0.0,-0.2882,inf,-inf
0x37b296ff541d766c9281f49c68b7398c59281735,2,1,0.01,1.0,0.5,-0.005850000000000022,0.7698499999999999,-0.7757
0x37b8d41a708045f08238c692119dcb269f974692,1,1,0.02,1.0,1.0,0.7637,inf,-inf
0x37e1a1cdbf7fd8ddebbb7275fab1b245914a3647,1,1,0.1,1.0,0.0,-0.2859,inf,-inf
0x37e575715e23d2a99477e08750dec79d651572dd,1,1,2000.0,1.0,0.0,-0.6294,inf,-inf
0x37e8210688c71a9e8720c57f2943953e23f0197e,2,1,1.8900000000000001,0.11111111111111115,0.5,-0.042149999999999965,0.6221499999999999,-0.6642999999999999
0x37ea663f38ffc6e0bf5793a140cb62a970b06082,36,7,396.4800000000001,0.6617736077481838,0.5833333333333334,-0.00021666666666666652,0.03280388345670784,-0.0330205501233745
0x384ac4b211455ae5ffd304520b1d72dd85bb9b9b,1,1,0.0,0.0,0.0,-0.2731,inf,-inf
0x3864630a08a001fb7a5a9dafa02e20cc1edf5bb9,3,1,0.03,0.33333333333333337,0.6666666666666666,0.25160000000000005,0.5119,-0.2603
0x386c2da2d5d40f2b9a108fc8a0dae9a6a222fa08,1,1,0.04,1.0,0.0,-0.2881,inf,-inf
0x388911e52bb2eb440b9f03ed24bcef13c93e1499,1,1,1.0,1.0,1.0,0.6688000000000001,inf,-inf
0x388b9955e649ac07d0d878d60d073b00151fd8c0,1,1,0.03,1.0,0.0,-0.2797,inf,-inf
0x389590f1565ca87e6938b0f3c9b4bcbed4433c94,1,1,0.04,1.0,0.0,-0.2881,inf,-inf
0x38a015d5c994e2f24d0a54616517f72c12cab47f,4,2,342.89,0.41672256408760827,0.75,0.22552499999999998,0.3081997928157426,-0.08267479281574264
0x38a7f73e9337f00c4a6c507fd1e01dc851f432c2,1,1,0.04,1.0,0.0,-0.2881,inf,-inf
0x38ac37e80ca7c33555bd241a34421c7b7b0efa18,2,1,0.01,1.0,0.5,-0.01589999999999997,0.7797,-0.7955999999999999
0x38c18ac882bc59ed178107ca20f146cbe3b24c1d,1,1,0.17,1.0,0.0,-0.2861,inf,-inf
0x38d4ddf45540376c60e06b82d65cd4a2b52fbc27,1,1,0.08,1.0,0.0,-0.2883,inf,-inf
0x38d5fcd97e39f65d7aca5d83f887bd2b0948d75b,1,1,0.02,1.0,0.0,-0.2642,inf,-inf
0x38de3802eaa9c3c701cddb51a04d9dc26db1f7e1,4,1,0.02,1.0,0.5,-0.004274999999999973,0.44327510715694385,-0.4475501071569438
0x38e5ca54bbb0985937fc1d6fac64db185f1d6ec9,1,1,0.08,1.0,0.0,-0.2883,inf,-inf
0x38f385935da03c478ff6727c1f848f87cf90c2f3,8,4,515.0,1.0,0.0,-0.39231249999999995,0.0676156639647416,-0.45992816396474157
0x39249fd38a99e4fb673acd8d3354b43e559e2dec,1,1,0.04,1.0,0.0,-0.2865,inf,-inf
0x392599d90f124378bf9b7aa0b74555cf15cef022,2,1,2.59,0.027027027027027053,0.5,0.017549999999999955,0.66135,-0.6438
0x393aea4f49362d97f14538968699f15bae9590c9,2,1,2.2,0.03636363636363629,0.5,0.023599999999999954,0.6219,-0.5983
0x396daec1918cb239ecba54cec142e826a65a2c8e,1,1,16.59,1.0,0.0,-0.326,inf,-inf
0x397b201d75624083b957b924c557792b3d0fb853,6,3,83.53,0.19717466778402967,0.5,0.07971666666666667,0.12762497252149016,-0.04790830585482349
0x39ae3f6f6bea828c988f209e8acb817e43764784,1,1,0.02,1.0,0.0,-0.2881,inf,-inf
0x39c48cb42236231c7a07a58ca164092564ed930b,1,1,0.27,1.0,1.0,0.7249,inf,-inf
0x39d97416a5675dcbde072eb7e99127bb3d7ce7a7,2,1,0.01,1.0,0.5,-0.005950000000000011,0.76975,-0.7757000000000001
0x39ec75cc9dc48d0ca433735bf543ad0d55186504,3,1,78.2,0.918158567774936,0.3333333333333333,-0.155,0.11678014956889436,-0.27178014956889435
0x39f21d8b54ab5b2d55bf035231282c9d655c146e,33,7,20301.600000000002,0.32393505930567046,0.36363636363636365,0.08930303030303031,0.07288782626417163,0.016415204038858683
0x39f9005dd4bda2c794c20223b8af7f9d2564e4e1,2,1,10.83,0.052631578947368446,0.5,0.005550000000000006,0.10525,-0.09969999999999998
0x39fdb3f90da3b8b4526576262e73a10b1a13de08,1,1,0.02,1.0,0.0,-0.2861,inf,-inf
0x3a27dd15a2073637e15c485e3bc303cd71965a78,45,5,13719.679999999998,0.33720320007463733,0.3111111111111111,-0.28995777777777776,0.0714675284384446,-0.3614253062162224
0x3a592bd7f16c41f38707e7243ff7803debdc7667,1,1,0.02,1.0,0.0,-0.2883,inf,-inf
0x3a5fad0c7d3a3d23197ebff07d25768b47226ac4,2,1,1.9100000000000001,0.10994764397905762,0.5,-0.041749999999999954,0.6217499999999999,-0.6634999999999999
0x3aa3c95ef0495f577a536cafc8583d71f7e4b19d,2,1,1.9100000000000001,0.10994764397905762,0.5,-0.04189999999999994,0.6219,-0.6638
0x3b185cfeef1129aad5a1428b1e353d641ee0e791,1,1,0.02,1.0,0.0,-0.2728,inf,-inf
0x3b3209a5583010bfe19dc7078fef193c640a0a47,2,2,800.0,1.0,1.0,0.3011,0.05019999999999996,0.2509
0x3ba299760a42aba2ebe30a7af51670c8959f4cb0,4,3,429.1,0.5339081799114425,0.25,0.08977500000000002,0.18897251288216496,-0.09919751288216494
0x3c04972df6d4a175a3f420d151cc6fda1c0cf639,1,1,0.01,1.0,0.0,-0.2882,inf,-inf
0x3c07cf0d128a34484e8c98e74a0298f451ef8bd5,1,1,0.03,1.0,0.0,-0.2713,inf,-inf
0x3c24314b9f3890b27f14ce9f1de32ec77af8dde9,8,2,1313.61,0.10171207588249169,0.5,0.16543750000000002,0.17662502950914724,-0.011187529509147226
0x3c33aedeb12b0ad3467906c31a6b893db5a83a38,2,1,0.01,1.0,0.5,-0.006349999999999967,0.77015,-0.7765
0x3c33d702f2cbcd29cd57bd4d7b166383a87c22c3,2,1,0.01,1.0,0.5,-0.005950000000000011,0.76975,-0.7757000000000001
0x3c3aa4886e8e2568ee13f10359eb2d73d29e1e25,1,1,0.04,1.0,0.0,-0.2712,inf,-inf
0x3c3ac4f98b04074b272c62894f5701430f591029,2,1,51.06,0.02311006658832745,0.5,0.0026999999999999733,0.11879999999999995,-0.11609999999999998
0x3c4d363be552c210abeb540df5e3804a0c597b62,1,1,0.08,1.0,0.0,-0.2729,inf,-inf
0x3c7275a4deadaeededcc893f021366fa5a121c53,2,1,0.01,1.0,0.5,-0.005950000000000011,0.76975,-0.7757000000000001
0x3c7e4ec251bfd4dfa7bc8797a1a2f6ed1c446537,1,1,0.04,1.0,0.0,-0.2881,inf,-inf
0x3ce931d468a28d269354cd425d73e418f7075a4f,1,1,0.08,1.0,0.0,-0.2729,inf,-inf
0x3cf3e8d5427aed066a7a5926980600f6c3cf87b3,2287,35,56279.37,0.26185349978153627,0.5867949278530826,0.0771050284215129,0.008800596305216063,0.06830443211629683
0x3d09bd5c035076e60fc65338f9c71f48f335cc8f,1,1,0.08,1.0,0.0,-0.2883,inf,-inf
0x3d199352778ea06e4f37e5b4e1cac5345c28e56a,6,3,17.29,0.5558126084441873,0.6666666666666666,0.04813333333333334,0.20369572678657527,-0.15556239345324194
0x3d2c450cf69f7bebc832a908c80048d874e8e166,2,1,0.01,1.0,0.5,-0.025249999999999995,0.7890499999999999,-0.8142999999999999
0x3d3ffdc384138cbebe09e3d02c8b7ac6ba5f6a76,1,1,18.13,1.0,0.0,-0.5164,inf,-inf
0x3d471a862f1c6057650081c5644aa1bd996ad7f0,2,1,0.01,1.0,0.5,-0.004349999999999965,0.76785,-0.7722
0x3d6dc1a79d1a49cb35f29ef7a03a5ce8a5f344ba,2,1,0.01,1.0,0.5,-0.004349999999999965,0.76785,-0.7722
0x3d705b6c1609dcd8256dd54c6c105e7a524a9ec1,2,1,0.16,1.0,0.0,-0.2729,0.0,-0.2729
0x3d72ffe95b6807176347d2a5d4e14eaa180b4315,2,1,0.01,1.0,0.5,-0.01589999999999997,0.7797,-0.7955999999999999
0x3d90252aad66d7251991d635d70f76c9f23da6f4,1,1,0.02,1.0,0.0,-0.2712,inf,-inf
0x3db66e147d92f68f1991ee60eaddcfdf6d39b623,6,3,0.6,1.0,1.0,0.154,0.015797088339311142,0.13820291166068885
0x3dceaf02a14ea31c3b869878dceb26518cc0eceb,2,1,0.01,1.0,0.5,-0.004349999999999965,0.76785,-0.7722
0x3dcf5081f8eefb1a68fd7c710c1288d2afcdbdd7,2,1,0.01,1.0,0.5,-0.0041500000000000425,0.77155,-0.7757000000000001
0x3dfed655621fe70f9af1c483c032807b1970b544,2,1,0.01,1.0,0.5,-0.003400000000000014,0.8109,-0.8143
0x3e16d1c2fc9ee51f8b807b23849bfbc377eeb866,2,1,0.01,1.0,0.5,-0.01589999999999997,0.7797,-0.7955999999999999
0x3e2f4c1fa1d09f259614cb77466a3eb7336baaf8,5,5,26461.299999999996,1.0,0.2,-0.37439999999999996,0.1420750822628655,-0.5164750822628654
0x3e6ebb4adc9f53373089caf3f3d102a4b0576ef6,20,7,5161.54,0.6142624100559134,0.55,-0.072085,0.09282762074064174,-0.16491262074064172
0x3e6fedef37e25a4e80a47d7d880a2e75b2956330,1,1,0.02,1.0,0.0,-0.2882,inf,-inf
0x3e84a9524a47f71f85094ef20102d8e5ac2d768e,1,1,18.0,1.0,0.0,-0.6394,inf,-inf
0x3e87b86f4b971b46074915851a7154c5cc8be3fe,1,1,0.14,1.0,0.0,-0.2861,inf,-inf
0x3e8980c752c686405ffec7c47f7521fd4de87475,2,1,1.9900000000000002,0.06532663316582914,0.5,-0.02410000000000001,0.6354999999999998,-0.6595999999999999
0x3ea0cd906b9ecc0dca155a55ec46637d81e6eb13,64,17,7466.17,0.5701999820523778,0.6875,0.215146875,0.04927706164543988,0.1658698133545601
0x3eaa264fbed1a7c95d8e6f1460c67719d6e16d05,1,1,4.0,1.0,0.0,-0.1543,inf,-inf
0x3ed64abca6068076a08881eeeb48bf78b3d61b8d,1,1,0.03,1.0,0.0,-0.2756,inf,-inf
0x3ee2601d8d33d5abc75cdfbdc6dba680ed4ac1f4,1,1,0.08,1.0,0.0,-0.2883,inf,-inf
0x3f02033ad91745b48ed936d503a340c830d3eb9f,1,1,0.0,0.0,0.0,-0.2865,inf,-inf
0x3f14a96371ef5239be4c7bd9c71ea21eb51dbbfb,2,1,0.01,1.0,0.5,-0.005950000000000011,0.76975,-0.7757000000000001
0x3f5d97e28c7267dd6d3f1dfeed21af429914d1f7,1,1,0.04,1.0,0.0,-0.2712,inf,-inf
0x3fb97db7853571bb79637adcc1704ca1bdfeba0c,1,1,0.04,1.0,0.0,-0.2865,inf,-inf
0x3fcf924c945992943a3e058dfa9686fe31206c98,2,2,250.0,1.0,0.5,-0.2522,0.36399999999999993,-0.6161999999999999
0x3fd8a3cf2b5d7f5dc5fd20db4b4dfa68633900e8,1,1,0.1,1.0,0.0,-0.2728,inf,-inf
0x3fff40b7a8823ed680f8b5b524c46c35cb78ed38,2,1,3944.94,0.013957119753405614,0.5,-0.008999999999999952,0.6456999999999999,-0.6546999999999998
0x400a4889afc3328c3f32ec48f19e0aad37f36c65,9,4,569.13,0.5434786428408273,0.5555555555555556,0.052955555555555534,0.14064460244719973,-0.0876890468916442
0x402ba39b2b95b26f8646fee099d1043b3f5f27f6,2,1,0.01,1.0,0.5,-0.004349999999999965,0.76785,-0.7722
0x403c53d2b7a9cadc0ee2334d1ecc4bad8c78c860,1,1,0.04,1.0,0.0,-0.2882,inf,-inf
0x408ac36db59639cd1a58f1eac93d969470bfa64e,2,1,0.01,1.0,0.5,-0.005950000000000011,0.76975,-0.7757000000000001
0x409e7a4b62a96aef7c56ba36bd00df75b37c736c,14,2,323.84,0.7188117588932806,0.2857142857142857,-0.09150000000000001,0.08387124092884912,-0.17537124092884915
0x40b57f4035d8851728b40056e063c1990816b3ff,2,1,0.01,1.0,0.5,-0.0041999999999999815,0.7679999999999999,-0.7721999999999999
0x40cdffa6b955b4926e0bfd7a5ca187dbd0a0ca90,1,1,0.08,1.0,0.0,-0.2883,inf,-inf
0x40d2e344943f25f183d3e37f309ca2f6fd2f734c,2,1,0.01,1.0,0.5,-0.02529999999999999,0.7890999999999999,-0.8143999999999999
0x40f6de7d44133c9281aa603fa8d2d1ceaa09e689,1,1,0.03,1.0,0.0,-0.2642,inf,-inf
0x4124ab9b82b2bac0f603b8d9232c9f3bfacd6c55,2,1,2468.2799999999997,0.14920511449268317,0.5,0.12745,0.14574999999999996,-0.018299999999999955
0x4125789ef73ef5068a2e62a2ba736ed45d100c50,1,1,0.07,1.0,0.0,-0.2713,inf,-inf
0x413a0707b8d86f3f8ffa045ec46a38d862319510,55,10,6560.21,0.7399930794898336,0.45454545454545453,-0.020939999999999993,0.049647328524600694,-0.07058732852460069
0x415467fcd0d03a1268bccebb9af7d64ad2849f36,13,8,4191.549999999999,0.8146795338240033,0.8461538461538461,0.2572230769230769,0.08559726522848532,0.17162581169459157
0x41582dc204422c214c5da433cdfd3a15fa3a1c60,1,1,0.2,1.0,0.0,-0.3686,inf,-inf
0x4165ade5436f697d932c25e64f6f734d8f667f88,1,1,0.05,1.0,0.0,-0.7485,inf,-inf
0x417932e0387b74c347831e7eb7ed9d7c962c0bbb,5,2,2281.21,1.0,1.0,0.4204199999999999,0.02801969664361126,0.39240030335638865
0x417d072254420dab6a81aabfc8190964ed14383c,5,3,1130.73,0.6646944894006527,0.4,-0.1206,0.14264833682872013,-0.2632483368287201
0x41829d4112a624099ae1ddeeabacfd513a9b6a47,2,1,0.01,1.0,0.5,-0.006299999999999972,0.7701,-0.7764
0x419cb2ea4af5328225a4b1f6fda0f7784bda29e9,2,1,343.43,0.009987479253414106,0.5,0.008999999999999952,0.0963,-0.08730000000000004
0x41ea80cdd0300d2a03dea46e7a58eb86b3c8e72f,2,1,0.01,1.0,0.5,-0.0041500000000000425,0.77155,-0.7757000000000001
0x42293dfa0a9bdbab9245aaddd2832ee426e195e4,1,1,0.1,1.0,0.0,-0.2886,inf,-inf
0x4229aa47b998208e89cfc85b3b881554006b93d7,1,1,0.03,1.0,0.0,-0.2797,inf,-inf
0x424eea9dbf8257f8375a344ec3c656bc546feb0a,54,13,2861.580000000001,0.6926033869400818,0.4444444444444444,0.013742592592592594,0.028171749829972267,-0.014429157237379673
0x4259b3834fb671e905bc3b24c75640e6fb1fa8f4,2,1,0.01,1.0,0.5,-0.005950000000000011,0.76975,-0.7757000000000001
0x42775d213bda5f6d4d36775ccc020b948eba53bc,2,1,0.01,1.0,0.5,-0.005850000000000022,0.7698499999999999,-0.7757
0x42a5a07a80c0f8a185f2933a57bcf8aef9046fea,2,1,0.01,1.0,0.5,-0.0041999999999999815,0.7679999999999999,-0.7721999999999999
0x42e0a38341501f9196d88f722e2e67aa44c04f4c,2,1,0.01,1.0,0.5,-0.0041999999999999815,0.7679999999999999,-0.7721999999999999
0x42e299b8271d6a0119f2bc9ec483401b48274564,2,1,0.01,1.0,0.5,-0.0041500000000000425,0.77155,-0.7757000000000001
0x430374fd56211a4b4e4e9be7ee28be4162dadd6d,8,2,2642.0,1.0,0.0,-0.22867500000000002,0.10262469027271863,-0.33129969027271866
0x43061fad7aa77d35aa89569f45038a8b296838db,2,1,1.9100000000000001,0.10994764397905762,0.5,-0.04139999999999999,0.6224999999999999,-0.6638999999999999
0x43372356634781eea88d61bbdd7824cdce958882,3,3,210.42000000000002,1.0,0.6666666666666666,0.00843333333333333,0.37803166680995276,-0.3695983334766194
0x433e850ae9e9d054e39e92b60b1cc814421ed581,1,1,0.07,1.0,0.0,-0.2797,inf,-inf
0x435a5720778c89a1efddc38e12c6faed18e42c4f,17,8,8616.14,0.5403695854524183,0.8235294117647058,0.1492176470588235,0.08773765047810822,0.06147999658071529
0x436c46ebf7ebf3ba5537c44cc51b4e84b454317d,1,1,0.1,1.0,0.0,-0.2859,inf,-inf
0x43a8db3835126d28c8c7b4ab5e0695b4fab4fbc9,2,1,0.01,1.0,0.5,-0.004349999999999965,0.76785,-0.7722
0x43b85eb7d90ca0fb3201fddb9c95078ee85b2504,2,1,0.01,1.0,0.5,-0.006249999999999978,0.7700499999999999,-0.7762999999999999
0x43c5af4d12b7c1f15f9b071468483b31f2ddd6b6,2,1,1.9100000000000001,0.10994764397905762,0.5,-0.04125000000000001,0.62235,-0.6636
0x43e58659fc4f1c51750a57f82432cc523038d51e,1,1,0.02,1.0,1.0,0.7637,inf,-inf
0x43ee56ba152ec8e7dd19c8117487186d9479252e,4,2,983.95,0.4427765638497891,0.5,0.07575000000000001,0.057374290119065245,0.018375709880934767
0x43efcca43f738e4c79911d31b0138a5476daf27e,1,1,0.04,1.0,1.0,0.139,inf,-inf
0x4401d86df261a4b7bcd712bb1ab1b919cf5e55da,4,1,0.02,1.0,0.5,-0.004274999999999973,0.44327510715694385,-0.4475501071569438
0x441049a263a547a3dad5707d1ee5e876bd99d780,8,3,309.74,0.24142829469877958,0.5,0.0805125,0.12955218810180041,-0.04903968810180041
0x4411dac3d6a56e73a047013ee00ca944a834a931,18,5,216.26999999999998,0.699172330882693,0.16666666666666666,-0.29212222222222217,0.07004750001629641,-0.36216972223851857
0x4415477c6a5807662223a7d30ade2d7a9f6cd7a7,1,1,0.02,1.0,0.0,-0.2713,inf,-inf
0x443342f8c1c6f3ef30b8a36a4fa65276c5159747,1,1,0.01,1.0,0.0,-0.2712,inf,-inf
0x443b33406309e87d8e86b2776340dd07a968ba81,1,1,0.29,1.0,0.0,-0.2861,inf,-inf
0x4454abd4f5d91e39c7c826d1f5a6da9a2074e2e3,1,1,0.02,1.0,0.0,-0.2713,inf,-inf
0x446d7e292ad5f65eb949347ef809070846c7d393,2,1,2.21,0.03167420814479631,0.5,0.023249999999999993,0.62265,-0.5994
0x44c5041414485c5f42675caffe98f62a31d62a50,2,1,0.01,1.0,0.5,-0.0041999999999999815,0.7679999999999999,-0.7721999999999999
0x44d9200a6b0106d041f9460fa84d054736c14c1a,87,18,34988.0,1.0,0.11494252873563218,-0.2974057471264368,0.028111988610774057,-0.3255177357372109
0x44dacb1ee496fd0a8cca47b46e459943c7bc8396,1,1,0.02,1.0,0.0,-0.2642,inf,-inf
0x44de1d1e4eb89e4ba5002221f8d0e75a66ed9692,2,1,0.01,1.0,0.5,-0.005850000000000022,0.7698499999999999,-0.7757
0x44ec5e86b5717b66ceb8515f81fbc6874d784f5a,10,1,2580.25,0.07907373316539082,0.4,-0.04622000000000002,0.055369357349831436,-0.10158935734983146
0x44ff625778f9c1b33631991ae57ce2b03eba38cc,7,6,1.1800000000000002,1.0,0.5714285714285714,0.1360857142857143,0.1767406162775746,-0.04065490199186028
0x4506546e807a08b13cfeaf29ce64442914083dd1,1,1,500.0,1.0,1.0,0.16169999999999995,inf,-inf
0x4518b0847bdf19e357e818575cced1ff024a7180,5,2,742.37,1.0,0.8,0.35078,0.24244523794044706,0.10833476205955292
0x451c92fb09054e176e310f1ef5a40d7ae740ce3e,2,1,0.01,1.0,0.5,-0.006199999999999983,0.77,-0.7762
0x452223c6b4752917b70020be7826f919a7ea20c5,2,1,134.04,0.12608176663682483,0.5,0.04039999999999999,0.6794,-0.639
0x453d847f20e36f2afd906d6e11c3d31411769272,2,1,0.01,1.0,0.5,-0.006199999999999983,0.77,-0.7762
0x4543117c2078582a06f791f334f2b329190f7a83,1,1,0.07,1.0,0.0,-0.2861,inf,-inf
0x45876c66131c05b04e1b6bfd74cdb7445de286f3,1,1,0.17,1.0,1.0,0.726,inf,-inf
0x45923670e0dfb710f0b0ca08e920ce4ca78593cb,1,1,0.08,1.0,0.0,-0.2883,inf,-inf
0x4596b0722b09ec63e4cd33f9bb570873a061353a,2,1,1.9100000000000001,0.10994764397905762,0.5,-0.04139999999999999,0.6224999999999999,-0.6638999999999999
0x459b6841f911636ccbe85764005faf27e123b2ea,1,1,0.02,1.0,0.0,-0.2712,inf,-inf
0x45a6a67cc9aa74db607ccd7c07fc528a953458ce,1,1,0.08,1.0,0.0,-0.2729,inf,-inf
0x45bdd93aadc35dde052d6323dc681555d0e4ab92,1,1,0.06,1.0,0.0,-0.7485,inf,-inf
0x45cc78578b082e89f21e847a3afec8d28cd26400,308,17,32699.71,0.4961337577611545,0.3961038961038961,0.007771103896103895,0.022965751033991375,-0.015194647137887481
0x45d5655b9dc32a56691109f4ad1b262d4afbfd8c,2,1,0.01,1.0,0.5,-0.005950000000000011,0.76975,-0.7757000000000001
0x45da621e0260d6add79165ff1c0822047fcaac71,1,1,0.08,1.0,0.0,-0.2713,inf,-inf
0x45f1b5106f9291da64eee4539abd3bb5a93397e5,6,3,89.63,1.0,0.0,-0.44744999999999996,0.0384565360721252,-0.48590653607212514
0x4630489282ef05eb980cc24dba29c54d0f1df86c,2,1,0.01,1.0,0.5,-0.005950000000000011,0.76975,-0.7757000000000001
0x464e1603c7b637ec67730cc8d4557ae8f3ee4599,2,1,14.25,0.40350877192982454,0.5,-0.19324999999999998,0.47895,-0.6721999999999999
0x4676af9aeb0ebca4d67da94aedcdf8cce6d83e40,2,1,117.86,0.018157135584591894,0.5,-0.009050000000000002,0.50225,-0.5113
0x468e14f3f9e69310cba00f53037cce0b256cfefe,3,1,0.03,0.33333333333333337,0.6666666666666666,0.25160000000000005,0.5119,-0.2603
0x46c5909021568620687bd683b800efb24f0a0c64,15,10,683.0,1.0,0.2,-0.16002666666666665,0.07562783971318061,-0.23565450637984725
0x46cd1c6177b106dacaa0c115f1f4cd9e8b4081d9,1,1,0.1,1.0,0.0,-0.2729,inf,-inf
0x46e9b506cc51ccc061a561c354072066576206a3,2,1,0.01,1.0,0.5,-0.0041999999999999815,0.7679999999999999,-0.7721999999999999
0x46ec43199baa957e9eafdfa1116193d11b3c004c,2,1,0.01,1.0,0.5,-0.004349999999999965,0.76785,-0.7722
0x46fbd87da0a0f26753a0c5a1d17ed3cf35e2a1eb,2,1,30.259999999999998,0.00859220092531394,0.5,0.005599999999999994,0.6527,-0.6471
0x4708c4af8212cff2e87825fa64ee0f81bfc0a15d,1,1,0.05,1.0,0.0,-0.2654,inf,-inf
0x4735821152b342bf449ae6ea4c2aeeb8c992890d,16,1,0.04,0.0,0.3125,-0.061193750000000005,0.03815823575231389,-0.0993519857523139
0x475e0926dbfff699cc8d445a3f34db54748271cb,2,1,0.01,1.0,0.5,-0.0041999999999999815,0.7679999999999999,-0.7721999999999999
0x476725da81dcf68523170c54a2d4aa6ca0a521bd,2,1,91.31,0.6103384076223852,0.5,-0.22685,0.37165,-0.5985
0x479add616fea19d75432ecfd8b37d6b3d717adfa,2,1,901.6800000000001,1.0,1.0,0.1266,0.008500000000000008,0.11809999999999998
0x47a45dbcbe3054d96851f830d06d03a38c8afded,1,1,0.08,1.0,0.0,-0.2883,inf,-inf
0x47ab026767cc320ac6e62f6ec747d59cf4d795df,10,2,4270.740000000001,0.8001938774076622,0.6,-0.01392000000000001,0.05198829953834697,-0.06590829953834698
0x47c10ce32fb032cabced54c7227ab2308b7daf00,158,15,35770.51000000001,0.25579534650190894,0.5063291139240507,-0.0018613924050632858,0.03434276526228521,-0.0362041576673485
0x47cdae54720c29db440df13db5a9d4e288edb455,1,1,0.02,1.0,0.0,-0.2642,inf,-inf
0x47cff15b708e03b3bcda02766d25c8e03c6bbfb2,1,1,0.15,1.0,0.0,-0.2861,inf,-inf
0x47d77fbd41556e43a6bd42456494848c872f5688,2,1,0.01,1.0,0.5,-0.01589999999999997,0.7797,-0.7955999999999999
0x47e90c77b6870dc56c11cf2f1ee87a62190c4e55,1,1,0.1,1.0,0.0,-0.5633,inf,-inf
0x47f2301aafccb4ab774868a57f4a98848bb131ed,1,1,0.02,1.0,0.0,-0.2861,inf,-inf
0x47f796eb4139887adc8d7f2ad6f7aa9976303e5c,1,1,0.27,1.0,1.0,0.7264999999999999,inf,-inf
0x48004cf26b6ef0525cddad5f4b6647c5ae17ad73,1,1,0.3,1.0,1.0,0.7262,inf,-inf
0x481df56607dfcaaedf7ff1df71f7b04f512c5d0e,1,1,0.04,1.0,0.0,-0.2733,inf,-inf
0x48207180be19d2b4ce1036207fa6595f37140608,1,1,0.08,1.0,0.0,-0.2883,inf,-inf
0x4838118a067b1954169ed7807a9982034db11fcd,1,1,0.03,1.0,0.0,-0.7485,inf,-inf
0x4862d54d748c0dd2be9b500bfcc2571bbfb151ed,1,1,50.0,1.0,0.0,-0.3604,inf,-inf
0x48951230bc1645f27f98501ff1068f334faec790,1,1,0.04,1.0,0.0,-0.2857,inf,-inf
0x48b704bffb636dc79476fae0146b1cf0fb19866b,1,1,0.08,1.0,0.0,-0.2654,inf,-inf
0x48e954b4c7d787c71e4ff4291ca074f9b95c572f,4,1,0.02,1.0,0.5,-0.004274999999999973,0.44327510715694385,-0.4475501071569438
0x490215735987a7bf899c7275255c49c887947c71,2,1,1232.88,0.9904289144117836,0.5,0.07184999999999998,0.07254999999999999,-0.0007000000000000062
0x490d0df043d011d2f71802add877c0e9eea4f8bc,1,1,1.1,1.0,0.0,-0.0149,inf,-inf
0x4914091c70cca22876d3f91bb650f9782142bd83,2,1,0.01,1.0,0.5,-0.005950000000000011,0.76975,-0.7757000000000001
0x4921d6e259b4c215f1b4e41efdce78a133ef15ac,1,1,0.5,1.0,0.0,-0.3482,inf,-inf
0x49338cab2db813c02a1fecb9e56f009191b67e4a,1,1,0.3,1.0,0.0,-0.2857,inf,-inf
0x493a362a972096247b81a00881d82b31ac9a9f9b,2,1,1.9100000000000001,0.10994764397905762,0.5,-0.04189999999999994,0.6219,-0.6638
0x49431d2adb2c1aca50dc88ee0c526ccb0c99d1a1,1,1,0.04,1.0,0.0,-0.2797,inf,-inf
0x495b97dcdd8e3e4ae7788ca6a53156cd4907e3fc,10,5,2120.45,0.26619349666344416,0.8,0.05339999999999998,0.13678020487060416,-0.08338020487060419
0x496f54a7188100ee6868e7908a66f836dde284b7,1,1,0.01,1.0,1.0,0.32899999999999996,inf,-inf
0x499b5bc4dcdb5d57ab451bc676f349e6be931beb,1,1,0.04,1.0,0.0,-0.2713,inf,-inf
0x49c76e30a50d49bb0b32652302fd13f4106da6a3,2,1,0.01,1.0,0.5,-0.004349999999999965,0.76785,-0.7722
0x49cc2532df75f8bdcc5c8acdd60a67f8f3d3d005,2,1,60.209999999999994,0.3004484304932736,0.5,0.0423,0.13319999999999996,-0.09089999999999995
0x49f5dc2eed751525fc1ebec9efd2758d2b1e64f0,1,1,0.03,1.0,0.0,-0.2713,inf,-inf
0x49fcc4da67a380e5cd1a88d0707332f6d20f276b,2,1,0.01,1.0,0.5,-0.004100000000000048,0.7716000000000001,-0.7757000000000001
0x4a17eebcacbbc45913d067d3ee83211b38453acc,1,1,200.0,1.0,1.0,0.6887,inf,-inf
0x4a1a6e94f18cda9a2351dc74513ce99581e90a0d,2,1,0.01,1.0,0.5,-0.005950000000000011,0.76975,-0.7757000000000001
0x4a27dadef14717e624db0b2f02ea69ad8b966750,1,1,0.02,1.0,0.0,-0.2733,inf,-inf
0x4a3b175cecf7bc963ec4e89309a71691f947d5e7,3,3,469.0,1.0,1.0,0.34559999999999996,0.1219890568862634,0.22361094311373658
0x4a5e350c8dac01a242b141d9ca12f4a22ac69733,2,1,0.01,1.0,0.5,-0.00379999999999997,0.7919,-0.7957000000000001
0x4a6083b9840092573787ff7749cd1d842ff8ccd6,1,1,0.01,1.0,0.0,-0.2713,inf,-inf
0x4a6db32afeeceab2b84d08a836011ab493715e71,8,2,320.65,0.1314517386558553,0.5,0.041574999999999994,0.13343160333240825,-0.09185660333240825
0x4aa96907f96fc625f10616e2cb7106cb24940005,1,1,0.0,0.0,0.0,-0.2756,inf,-inf
0x4ac2f7244e706fc86cbd9d8cd8d7f84010cb6af3,1,1,0.01,1.0,1.0,0.7635000000000001,inf,-inf
0x4ac74d1ac6c10b4837f8c19550bdbcd463ccd177,1,1,0.17,1.0,0.0,-0.2859,inf,-inf
0x4ad253f9dbe634a6c4aead15e928c5bb79174365,2,1,0.01,1.0,0.5,-0.0041999999999999815,0.7679999999999999,-0.7721999999999999
0x4ad5f1ff857e3361cb7959141eba6e9e7ec1e40b,1,1,0.04,1.0,1.0,0.45209999999999995,inf,-inf
0x4b240719ecf95e528d3327388ed34a5b9200d7e9,1,1,100.0,1.0,1.0,0.02969999999999995,inf,-inf
0x4b2883d8bdc448a0148bb56412c2a13b651cf8de,1,1,0.01,1.0,0.0,-0.2861,inf,-inf
0x4b2dabc05fb2c144921b542a1c8fa7448a2a287b,1,1,0.2,1.0,0.0,-0.2859,inf,-inf
0x4b89e406910dcb1a6a0dd554a1819e807fc63d99,9,3,4037.7200000000003,0.7140415878267934,0.2222222222222222,-0.4020444444444444,0.14234072298451025,-0.5443851674289547
0x4b9279dc6638dd61b6142e6f3e3e40ed129dbd7f,1,1,0.04,1.0,0.0,-0.2881,inf,-inf
0x4ba11656d0e62146b06d926d38684c85b087e095,1,1,0.03,1.0,0.0,-0.2642,inf,-inf
0x4babb9e0eeff37bff57b50ee94993a1c8fb2592f,11,5,78.6,0.9526717557251908,0.36363636363636365,-0.1703090909090909,0.05084769138326995,-0.22115678229236085
0x4bdd3a28b1df6eb5750af73c6482bcceceab020c,8,5,63.120000000000005,0.5247148288973384,0.375,-0.046262500000000026,0.11731788613101582,-0.16358038613101583
0x4c1fbf0fe207c7cfeec705c33ae5209d2b2c87e1,1,1,0.08,1.0,0.0,-0.2728,inf,-inf
0x4c38119aee7acb3a3b0ecee43a020b3de5dfff77,2,1,0.01,1.0,0.5,-0.005850000000000022,0.7698499999999999,-0.7757
0x4c5dc4856f74be509fe8aee962323d4d15b93ac1,1,1,0.1,1.0,0.0,-0.2859,inf,-inf
0x4c6d2ee69a8d43a3d66963a1fd30a5c03d0cb695,1,1,0.73,1.0,0.0,-0.7432,inf,-inf
0x4c90950317008f12ba26ecfe70100db42b186bd0,2,1,2.14,0.009345794392523372,0.5,0.005949999999999955,0.6356499999999999,-0.6296999999999999
0x4ca728c6c54ab3c01c695321ff8a98ac980207a0,2,1,2.2,0.03636363636363629,0.5,0.023599999999999954,0.6219,-0.5983
0x4ca8cf174f82ed967ddd58d9dbdc4b882a230986,2,1,0.01,1.0,0.5,-0.004349999999999965,0.76785,-0.7722
0x4cc3522b689a6bf1fb4a2444c523e7776db47552,163,20,98682.09,0.48406950035209023,0.4723926380368098,0.006047852760736206,0.034480608237381354,-0.028432755476645147
0x4cd26fbbb9fe25464b52f2201f9bd67cbb9a2002,2,1,65.16,0.05125844076120319,0.5,0.007300000000000001,0.142,-0.1347
0x4d1d5b0ae0c9e72f4f3c032f3a8d0cc38cfbf4e4,2,1,2.16,0.03703703703703707,0.5,0.023999999999999966,0.6223,-0.5983
0x4d20905b4ebe2f3d88ca3b47f340072d2533b3fb,1,1,0.01,1.0,0.0,-0.2861,inf,-inf
0x4d28f95f730d09627a288c66a8e02e11d0797654,1,1,0.08,1.0,0.0,-0.2883,inf,-inf
0x4da63226dafb24cdcb0df18de70e2da4c0cd0753,8,4,1.2000000000000002,0.03333333333333335,0.5,-0.002937500000000001,0.03895461616465646,-0.04189211616465646
0x4dbe4ee29415fc322fff9dca6fbc39c3798a2ec7,1,1,0.04,1.0,0.0,-0.2733,inf,-inf
0x4dcfb05e6fc704857db9e2da78365f73a2f5eaba,2,1,314.32,0.01896156782896405,0.5,-0.002350000000000005,0.12435,-0.1267
0x4dece004fad0d5cfe55ad039ed96d4dbc39de611,1,1,0.07,1.0,0.0,-0.2756,inf,-inf
0x4df81d35f375124a59da17c91036d484261d1393,1,1,100.0,1.0,0.0,-0.6686,inf,-inf
0x4e085ba6c31f31d648a6702f8701eab5921f82a2,1,1,0.03,1.0,0.0,-0.2713,inf,-inf
0x4e1aa491b42efcf3ead6ab9bd4cad312fdcb4bc9,1,1,0.18,1.0,0.0,-0.2728,inf,-inf
0x4e28264e4e131b88534dab2e2d2e28b04960af8a,1,1,100.0,1.0,0.0,-0.2529,inf,-inf
0x4e56d4182d06a51d1ed33aca005416b220697ecd,4,1,0.02,1.0,0.5,-0.004274999999999973,0.44327510715694385,-0.4475501071569438
0x4e6c7c84104fd55da00911685c193c915339c4a8,1,1,0.5,1.0,1.0,0.42110000000000003,inf,-inf
0x4e70917476f85517a8f824c788ed2d73363dba24,1,1,0.08,1.0,0.0,-0.2729,inf,-inf
0x4e794211269a3cedbeb3e165276fe84494de399f,2,1,0.01,1.0,0.5,-0.004100000000000048,0.7716000000000001,-0.7757000000000001
0x4e89a2c3b5b38a53880eaf24ac1104c3fd540572,4,1,54.55,0.026581118240146643,0.5,-0.013300000000000006,0.38622034082459544,-0.3995203408245954
0x4e9180afa6fcc669aacc0595b80400ca0a91b801,2,1,386.25,0.48220064724919093,0.5,0.2726,0.4346,-0.16199999999999998
0x4ea42c7b4c1a78f8d5951641f1b52d08deeec0df,2,1,0.01,1.0,0.5,-0.004349999999999965,0.76785,-0.7722
0x4eb46348ce4d5a6270aeb9baf7e8c9bcf4165e80,1,1,34.12,1.0,1.0,0.060899999999999954,inf,-inf
0x4ec6d0c1459255dab72c0758445a59ac21901362,1,1,0.17,1.0,0.0,-0.2861,inf,-inf
0x4edc5c91ec5e3892aaecf9bce96b1b3959379aa9,5,1,19.869999999999997,1.0,0.6,0.11224000000000003,0.2820751772134513,-0.1698351772134513
0x4ee23ac5629f52789b9bbbced6c15dd19011cea7,2,1,6.390000000000001,0.09546165884194051,0.5,-0.039949999999999986,0.41774999999999995,-0.45769999999999994
0x4f1b54d0f0668052ce6348427f5a6d9ae368af8d,1,1,0.07,1.0,0.0,-0.2756,inf,-inf
0x4f1e204fadf55db5887508679edeeb602cebc55c,1,1,1.5,1.0,0.0,-0.2019,inf,-inf
0x4f5128665908b444158b8a7e66a28792db23d3bf,9,6,1.8699999999999999,0.7112299465240642,0.7777777777777778,0.1965777777777778,0.1561443952260017,0.04043338255177609
0x4f570f5a5af14aea055c32ee728ef81922ea9144,1,1,0.02,1.0,0.0,-0.2882,inf,-inf
0x4f70929ba287ac85dc2431c85382ccd9e6b0d185,1,1,5.0,1.0,0.0,-0.08,inf,-inf
0x4f846d1aa8b4b0bbd5e8139d60d1962575ed9788,1,1,0.08,1.0,0.0,-0.2733,inf,-inf
0x4f9a61b0fe32dfab0eb69168bbcd2937267ada47,2,1,2.14,0.009345794392523372,0.5,0.005949999999999955,0.6356499999999999,-0.6296999999999999
0x4fd8756ee95f94aba1b0bb41eb9c896158bc718a,2,1,0.01,1.0,0.5,-0.004449999999999954,0.76825,-0.7726999999999999
0x4fe0a967d59b2bb31c5cbc3a4496fdc3fe5396c2,2,1,1.9900000000000002,0.06532663316582914,0.5,-0.024400000000000033,0.6356999999999999,-0.6600999999999999
0x4fe26282f10c7903a1af09fa376af8d885ba87c5,1,1,3.0,1.0,1.0,0.17510000000000003,inf,-inf
0x4ff382b9be7f23f55ff000d4d6283f1816980331,2,1,0.01,1.0,0.5,-0.004349999999999965,0.76785,-0.7722
0x5008aacc3aa485edacb46a55917c6bb2293f3cdb,2,1,2.16,0.009259259259259267,0.5,0.006149999999999989,0.63585,-0.6297
0x5008db07606939611069904908d0c7cca3111112,1,1,0.02,1.0,1.0,0.7637,inf,-inf
0x504410930e4ad1287927e1abf0c2d5e7f105cd7c,1,1,0.08,1.0,0.0,-0.2883,inf,-inf
0x50620632472cc9b1cabf1b65ce8085c181fda13e,1,1,1.0,1.0,1.0,0.5803,inf,-inf
0x507e75f3c6839757a1c90dd0d12b0cbafe5e93a1,1,1,0.01,1.0,0.0,-0.2713,inf,-inf
0x5087231ada093eb2464833345965c173b56fefb6,1,1,0.06,1.0,0.0,-0.2654,inf,-inf
0x509587cbb541251c74f261df3421f1fcc9fdc97c,8,1,2607.36,0.08232848551791853,0.125,-0.1776,0.041900741554978985,-0.219500741554979
0x50c513cc2f3c2ab63061cc119f74b6a27d71ab3d,8,7,16.0,1.0,0.25,-0.1938375,0.15131731552495425,-0.34515481552495425
0x50c91736568f89812c39e4a84cba958975de0870,2,1,0.01,1.0,0.5,-0.005950000000000011,0.76975,-0.7757000000000001
0x50edced22eaaeb52f457b8bc2023c49e2b805d31,1,1,0.18,1.0,0.0,-0.1581,inf,-inf
0x50fe02f976a220e473df82a287652362ab5e1345,2,2,6.26,1.0,0.0,-0.18970000000000004,0.04770000000000002,-0.23740000000000006
0x510f76396f35f66b9ed6e31ae607b65ece6e5817,1,1,200.0,1.0,1.0,0.12229999999999996,inf,-inf
0x5115160eb59eb7f82e0af3f0c9f0d340ad8fe1a2,382,35,41328.62,0.2607336030092463,0.7303664921465969,0.0547651832460733,0.014371314634759024,0.040393868611314276
0x512fe8c23bd933cb391bb89b85a20dc5c43fa772,2,1,58.93,0.018157135584591894,0.5,-0.009500000000000008,0.4771,-0.48660000000000003
0x51416cfcd44098b2e4774025056eff26f071bf1a,1,1,0.07,1.0,0.0,-0.2713,inf,-inf
0x51660e9cc4d544dda2c0b8da2700e2bbcdeeee2d,2,1,0.01,1.0,0.5,-0.005950000000000011,0.76975,-0.7757000000000001
0x5167657ce52d8dfcdbfe9e01252bdf112f6bde57,1,1,0.13,1.0,0.0,-0.2724,inf,-inf
0x5168506a36ae004811a0fa36db3a1f937ff69f1f,2,2,1600.0,1.0,0.5,-0.27155,0.39175,-0.6633
0x51adcdb09b4a7ba1ac273c5688e00ec5e52186db,1,1,0.27,1.0,1.0,0.7267,inf,-inf
0x51d221b499407ba2f4398fff59dbf3f384598cf9,2,1,0.01,1.0,0.5,-0.004349999999999965,0.76785,-0.7722
0x51d8002b8e0acaacc26ea1d0ff1e124029d0a129,1,1,0.01,1.0,0.0,-0.2861,inf,-inf
0x51e9cd95120cc294338473f8044c0b3a62735302,1,1,500.0,1.0,1.0,0.3752,inf,-inf
0x520bc53d046a1c14bab8bfc0823444cbd0c76147,2,1,0.01,1.0,0.5,-0.0041999999999999815,0.7679999999999999,-0.7721999999999999
0x5223d8a31428ee48ccf42bb37be378860843b511,1,1,0.01,1.0,0.0,-0.2729,inf,-inf
0x522e371e7ccbcb91bc30de540f6e1fb7747461d3,1,1,0.05,1.0,0.0,-0.2883,inf,-inf
0x5230e999b3cad57572c7e7541cf9b2edd0a4f019,1,1,0.01,1.0,0.0,-0.2713,inf,-inf
0x5239fce58000d63fa071e27101eece82f48464a4,14,2,9077.550000000001,0.9135890190635136,0.8571428571428571,0.010921428571428566,0.05412082755896467,-0.0431993989875361
0x523c23c5f6f316ef9ee35b69a9a4a3412e2a0601,10,7,4157.13,0.7670363928960605,0.8,0.14408999999999997,0.1228172585139763,0.021272741486023664
0x528a5b21ac27ee7d9b7a8b9d74a6ac093fa8248b,2,1,0.01,1.0,0.5,-0.0041500000000000425,0.77155,-0.7757000000000001
0x52973be49bc5d356ce0d45694e1f46b3dfd4bc35,1,1,0.02,1.0,0.0,-0.2713,inf,-inf
0x52a9917dad35ded7a3337d83f69ee1835aa8746f,1,1,0.17,1.0,0.0,-0.2859,inf,-inf
0x531d8274ea377c44f1d534b0625dbff020045438,2,1,0.01,1.0,0.5,-0.004100000000000048,0.7716000000000001,-0.7757000000000001
0x53298d9f588832a61051fb2fbbe60d1788003c2b,9,5,245.79,0.790146059644412,0.1111111111111111,-0.26617777777777785,0.12991907927819465,-0.39609685705597253
0x5362d246690ada3e4ddcd30cbeb49f5f9a34bd32,1,1,0.1,1.0,0.0,-0.2713,inf,-inf
0x536ff2ad7ba6f82a6642c22fa22e7db5895c8aa6,1,1,0.14,1.0,1.0,0.7573,inf,-inf
0x53750771af241a1c91ddf901ea4f41c307837314,3,1,11996.69,1.0,0.0,-0.6725333333333333,0.005514324779859978,-0.6780476581131933
0x537979ecf51b3afa500c56ab3ea320bd936a5af9,4,2,140.59,0.018706878156341127,0.5,0.0002500000000000141,0.1604163411252108,-0.16016634112521078
0x53d921fc5e8b90cc0ebc58d7d7cf93d99b5b3f1d,2,1,0.01,1.0,0.5,-0.005950000000000011,0.76975,-0.7757000000000001
0x53e45057c0650899989fefba46b54193587ac0c0,1,1,0.1,1.0,0.0,-0.2713,inf,-inf
0x540131e29de9ba70075687734935947dd6e1be30,2,1,0.01,1.0,0.5,-0.005950000000000011,0.76975,-0.7757000000000001
0x54222066104d43f3cbec44473cbc1a427934f99c,2,1,0.01,1.0,0.5,-0.0041999999999999815,0.7679999999999999,-0.7721999999999999
0x542aae10712e812bd71d792861ec5a570aa8a81b,10,3,435.95,0.03103566922812247,0.5,-0.005360000000000009,0.17695143602443894,-0.18231143602443894
0x543fbabf7fc0acbf3c27a706cbe4cda7854093c6,1,1,0.02,1.0,1.0,0.7637,inf,-inf
0x5446fe5868e4e6da0ab784b005fe423df62218f6,37,14,465.33000000000004,0.8305718522338985,0.43243243243243246,-0.149672972972973,0.07256621369549213,-0.22223918666846512
0x544d2c6adb62a48ac0beb95972639553a661ae2f,1,1,0.05,1.0,0.0,-0.2882,inf,-inf
0x5458b92082739c35a13d1a26ae62fe0a6994c8f1,2,1,0.01,1.0,0.5,-0.004349999999999965,0.76785,-0.7722
0x5467b02fbace9527f90b32f891a686b1dd87044a,2,1,2.2,0.03636363636363629,0.5,0.023799999999999988,0.6221000000000001,-0.5983
0x548c5a4856e296e3e3b3d54d7f91b798cbab4825,2,1,0.01,1.0,0.5,-0.0042999999999999705,0.7681,-0.7724
0x54fb5e2957a809bace641f2cdba697a84b706313,2,1,0.01,1.0,0.5,-0.0041999999999999815,0.7679999999999999,-0.7721999999999999
0x552b17de00de42b2793cd4a5f0a40f29fa42005a,4,2,827.29,0.01766007083368591,0.5,-0.009725000000000011,0.3327578858945344,-0.34248288589453446
0x5545922019e90fa3fc43548f37780efa81044719,2,1,0.01,1.0,0.5,-0.006299999999999972,0.7701,-0.7764
0x55cb09016dfd2d925e39a1cfe97657a69f12562f,1,1,0.1,1.0,0.0,-0.2861,inf,-inf
0x55dbe58e7210a48846c66476aae2e2abe502fa3b,1,1,0.03,1.0,0.0,-0.2713,inf,-inf
0x561b1b095d47fae9d7fa316fbb64bfc4d3b9a564,2,1,0.01,1.0,0.5,-0.0042999999999999705,0.7681,-0.7724
0x5653a939b78beac5b14a275b43f5c87ab2cf785f,1,1,0.02,1.0,0.0,-0.2712,inf,-inf
0x565b2189d6ab684d5748233397f0e549da7290f9,2,1,0.01,1.0,0.5,-0.004349999999999965,0.76785,-0.7722
0x56676eb8f35d0da05091722cfae5c0f3437f8bcb,2,1,0.01,1.0,0.5,-0.005950000000000011,0.76975,-0.7757000000000001
0x566ce3ee9d9d8f82b038623f02a8270133d3a082,1,1,0.04,1.0,0.0,-0.2712,inf,-inf
0x5681dfa7f4e95c38711dd81d4cd27536a601c1d9,99,18,9622.99,0.4443764360141702,0.5555555555555556,0.04265454545454545,0.03793983120879126,0.00471471424575419
0x56923b91a0fba4f436cee4a6633954f3cd435576,1,1,0.3,1.0,0.0,-0.2861,inf,-inf
0x569e37de70cfc302405dc0577ae46f3140bc67db,43,15,11887.83,0.5762001980176364,0.7441860465116279,0.06263023255813951,0.06117032042716061,0.001459912130978902
0x56aa03b2d1919c48d141e90f329c688171b0fd71,1,1,0.1,1.0,0.0,-0.2728,inf,-inf
0x56ac4f06c203d9dcfb1bc23a0ab06995de35de67,19,1,2.25,0.3333333333333334,0.631578947368421,0.1263578947368421,0.10434826817489018,0.022009626561951934
0x56b42bbbd5f9f9da65c9d62e87cbc83aa07b585c,4,1,0.02,1.0,0.5,-0.004274999999999973,0.44327510715694385,-0.4475501071569438
0x56d0e2a4ed7a885e5cfe833861c682f921c0dcba,1,1,0.1,1.0,0.0,-0.2859,inf,-inf
0x56d96394aba0f1a60673693e4be67497e167816d,1,1,0.02,1.0,0.0,-0.2881,inf,-inf
0x56f1dafc9f318e09b1e80ba8d98967fc41ba8a22,2,1,0.01,1.0,0.5,-0.0037499999999999756,0.7917499999999998,-0.7954999999999999
0x56fb341827f4bc9377f2884fd7482aaca3f7edfa,2,1,0.01,1.0,0.5,-0.0041500000000000425,0.77155,-0.7757000000000001
0x5711de7e50690fad13f5fb9603103d0f8f62aa00,5,2,1874.0,0.20267876200640345,0.6,0.14008,0.10938894551096101,0.030691054489039
0x572a7228b96646d47efcf6021547e4f0c1c79384,1,1,0.08,1.0,0.0,-0.2728,inf,-inf
0x573187034ead3753e7f77127cc5fbf9696dea8b7,1,1,0.22,1.0,0.0,-0.776,inf,-inf
0x5736d0f5e129f5b58de216e268734dc2fff7e0ec,1,1,0.01,1.0,0.0,-0.2861,inf,-inf
0x573d2b9c92a969174a1d8d7e859388124454e04e,1,1,0.08,1.0,0.0,-0.2728,inf,-inf
0x5747837fac15ebfe83732eddc3c67707b64be528,3,1,1042.61,0.5204342947027173,0.6666666666666666,0.1996,0.246288171322403,-0.046688171322402994
0x574e3aa34743c81f8f9e65c38599e4da95e83ef1,3,3,301.0,1.0,0.3333333333333333,0.11156666666666665,0.2626854413763944,-0.15111877470972773
0x579e7eb4b643b11cbfd602f5002a9625cced5c28,2,1,2.2,0.03636363636363629,0.5,0.023599999999999954,0.6219,-0.5983
0x57d25e392c86e901ed50e574fe607f4a60b29992,19,7,646.63,0.2917124166834202,0.8421052631578947,0.2619315789473684,0.06165424770758143,0.20027733123978697
0x57d7e8d89df8fa6edc9fd694b3717948cb9b903b,1,1,0.08,1.0,0.0,-0.2883,inf,-inf
0x57e20dba57d9c74c63679ec112af49418e808c9c,13,2,1619.6499999999999,0.7629117401907819,0.07692307692307693,-0.1532769230769231,0.04314732091074889,-0.19642424398767197
0x57e71d856e2ae74736e06ab527c941dcbbd8b0b9,1,1,0.02,1.0,0.0,-0.2881,inf,-inf
0x57e81eb46421d6ac2404cd91e8312a21ae9ae6e2,1,1,2143.68,1.0,0.0,-0.7918,inf,-inf
0x57eb5110124a030d8db1b794bfd861b618080165,1,1,0.02,1.0,0.0,-0.2882,inf,-inf
0x584c964cb7192f5e079b375a3ca7fa5ce7659847,1,1,1.61,1.0,0.0,-0.48140000000000005,inf,-inf
0x584cf0fb4e1381f37ae7c45394b6c8f1514202d6,2,1,0.01,1.0,0.5,-0.004100000000000048,0.7716000000000001,-0.7757000000000001
0x5864eb27f642b02b1a70262d59a9d3d1e6314c1e,2,1,1.8900000000000001,0.11111111111111115,0.5,-0.042149999999999965,0.6221499999999999,-0.6642999999999999
0x586bf5ed20b1b64f63752cf631cd0df4f5850192,1,1,0.41,1.0,0.0,-0.5888,inf,-inf
0x58744f91ed701afdc02d55b0467b09ce62c505f7,24,13,152.35000000000002,0.45703971119133563,0.375,-0.027083333333333334,0.09316258028164688,-0.12024591361498022
0x587ff209ae13baa9913ae62eea5d34e1ba6ef9ff,1,1,19.04,1.0,0.0,-0.6817,inf,-inf
0x588a6a76ba0d6162cce5cac3dc8abe72e461b994,1,1,0.27,1.0,1.0,0.7258,inf,-inf
0x589238499d785be4d870e34fbdcbfbcc2d1ba128,1,1,0.01,1.0,1.0,0.7638,inf,-inf
0x58937890d889b84673093696731d1657b31505be,2,1,0.01,1.0,0.5,-0.004349999999999965,0.76785,-0.7722
0x589996ad457eac58caf69400ea98503097f2fbe0,2,1,0.01,1.0,0.5,-0.005950000000000011,0.76975,-0.7757000000000001
0x58a27c14ee816c9c3049f72635f77d7743df354e,2,1,0.01,1.0,0.5,-0.006299999999999972,0.7701,-0.7764
0x58ab8019539d4e560576b75bbb6d7d99aba0346e,2,1,0.01,1.0,0.5,-0.005850000000000022,0.7698499999999999,-0.7757
0x58b6fa061a4479a8c1d0161bf8e472d9b5cb0380,1,1,0.1,1.0,0.0,-0.2859,inf,-inf
0x58c7e441fbcfe79f5a6dbf7787f32edeeec255e4,2,1,0.01,1.0,0.5,-0.0041999999999999815,0.7679999999999999,-0.7721999999999999
0x58e6cd8b37686eeb186d66597f2a8a74ba7b6af7,8,2,5457.650000000001,0.09366852033384332,0.75,0.02395,0.10084173774498618,-0.07689173774498619
0x5919dd1bbb5a7f963b65e88023d46fe6ec3f931a,1,1,1.0,1.0,0.0,-0.6608,inf,-inf
0x592f3c41566c50542268b4b7df8660dd257325ee,1,1,0.04,1.0,0.0,-0.2881,inf,-inf
0x592fcd95ea28e827d4d61974ad48e2ee4bc5aa38,2,1,0.01,1.0,0.5,-0.004100000000000048,0.7716000000000001,-0.7757000000000001
0x5934f2b087df19b588623979182be5b28efa4cc0,6,1,112.44,0.10281038776236211,0.3333333333333333,-0.04208333333333333,0.04399030511879232,-0.08607363845212565
0x59440426589bd7721582a040f29ecec76cb52b8a,1,1,0.04,1.0,0.0,-0.2857,inf,-inf
0x595854abbc7e3d9811376ccebb76980d5e410074,2,2,71.0,1.0,0.5,-0.3218,0.44669999999999993,-0.7685
0x595d01a08f3bcdcf56d5c0f723b4254923d9d58e,1,1,0.16,1.0,0.0,-0.2861,inf,-inf
0x597ce01d1c1f0d1aec18feb8576a04ebd60294a4,3,1,0.03,0.33333333333333337,0.6666666666666666,0.25160000000000005,0.5119,-0.2603
0x597dfdca2a4c5264033166e1f4ce88e897171e1b,1,1,0.02,1.0,1.0,0.7637,inf,-inf
0x598d79e8dbd08768ac539940ed4853fa1b247a3a,1,1,0.1,1.0,0.0,-0.2859,inf,-inf
0x599a1d929e3e6bd01194f2e7c9ff1ca5326a898e,1,1,0.05,1.0,0.0,-0.2713,inf,-inf
0x59ad200df5dac26e204a4c7976679ae6b68e956e,1,1,0.3,1.0,0.0,-0.7442,inf,-inf
0x59b923fe7f6f0b346d11366753bf3846ce16e6b1,2,2,0.07,1.0,0.5,-0.04435,0.71275,-0.7571
0x59d9209fb98f620555cb5734174c93f620c711bc,18,4,6904.130000000001,0.22166876927288448,0.2777777777777778,-0.16842222222222222,0.07950457978157902,-0.24792680200380124
0x59dd993cd496aca4c496959f0cafe0d81b23d53f,1,1,0.04,1.0,0.0,-0.2729,inf,-inf
0x59e853bb4efca1e15906b943123e4fabd8ee4c9d,1,1,0.14,1.0,0.0,-0.2861,inf,-inf
0x5a15cf2dc32b7640a5dbfa74dd3e158b1de9174b,1,1,0.07,1.0,0.0,-0.2756,inf,-inf
0x5a3b6b18da1a39160cac2c9988817a8283fb6ef2,2,1,2.14,0.03738317757009349,0.5,0.023999999999999966,0.6223,-0.5983
0x5a51458999f836d9cec399671d08a1f5c4001226,1,1,50.0,1.0,0.0,-0.174,inf,-inf
0x5a6f77046f14b8384cb645b46cdb2a0722d19bb2,2,1,0.01,1.0,0.5,-0.0041500000000000425,0.77155,-0.7757000000000001
0x5a77188ecc040e873a0fa355ab42e2d70c9eaa5f,2,1,0.01,1.0,0.5,-0.006199999999999983,0.77,-0.7762
0x5a78ca7c5c55818f2b2f246169ce28eca5474a36,2,1,2.1500000000000004,0.004651162790697678,0.5,0.006199999999999983,0.6359,-0.6297
0x5a79b3f6ce25fec7ec57ce07f33bd4fc24c0d4c2,1,1,0.02,1.0,0.0,-0.2712,inf,-inf
0x5a7ae2ce8f083def133f47af20fd8e6631205bbe,3,1,0.03,0.33333333333333337,0.6666666666666666,0.25160000000000005,0.5119,-0.2603
0x5a7ae6edc799f174ae539a5d86862f826264ab1d,1,1,75.0,1.0,0.0,-0.6617,inf,-inf
0x5a8edc8bb752f6fa99f5ea406249454db09c1108,1,1,0.02,1.0,0.0,-0.2881,inf,-inf
0x5aa2f14e591aa5ec60c84d0decc22ee7f6c9dfcc,1,1,0.01,1.0,0.0,-0.2713,inf,-inf
0x5aae0070f20bb828d24d068a39b3a67bc1be2f5a,1,1,0.08,1.0,0.0,-0.2728,inf,-inf
0x5acc5f5223a391aefd8d3281dc66a71d23178151,1,1,0.08,1.0,0.0,-0.2728,inf,-inf
0x5ace8f8d51e69f33a0cb934f016e82640c2be783,1,1,0.1,1.0,0.0,-0.2729,inf,-inf
0x5ae52e20e50b1e1d933ecf2e2dd5151b551ff30b,2,1,0.01,1.0,0.5,-0.004100000000000048,0.7716000000000001,-0.7757000000000001
0x5af38a9c64892a8b68129dc791ffb74a3deda93a,2,1,0.01,1.0,0.5,-0.015949999999999964,0.7797499999999999,-0.7956999999999999
0x5afbfcfae5602dd515489bfb598ca8fa43938e26,2,1,0.01,1.0,0.5,-0.02529999999999999,0.7890999999999999,-0.8143999999999999
0x5b037f9c7dad87b949d61acbdc070991b97f25e8,1,1,1.17,1.0,0.0,-0.015,inf,-inf
0x5b08fb37dce308ec287bca94b0938bf6501ae3d0,3,1,0.08,1.0,0.0,-0.28653333333333336,0.0008333333333333341,-0.2873666666666667
0x5b092e616b1dae16afde04d1930f33c23c6d8679,1,1,0.07,1.0,0.0,-0.2756,inf,-inf
0x5b19fdf7ee48328d24b93b30410e820f201c787d,1,1,0.03,1.0,0.0,-0.2713,inf,-inf
0x5b1ac1d18cafac1ea62b11d352933ba10db7470a,2,1,100.0,1.0,0.0,-0.69665,0.06404999999999998,-0.7606999999999999
0x5b31c913b14cafd6887729cb6ceb9099a15478e2,1,1,0.05,1.0,0.0,-0.2713,inf,-inf
0x5b52f79de5715b36c6f5dea5ff6ac17c63b65ca6,1,1,100.0,1.0,0.0,-0.1535,inf,-inf
0x5b583b2944d4dd18236cc5f2c7c39d08985deba2,4,2,362.18,0.3481694185211773,0.5,-0.1565,0.17913779612354286,-0.33563779612354283
0x5b6034ca3a290b2eda9f19fa6d549f88f094c513,2,1,0.01,1.0,0.5,-0.0041999999999999815,0.7679999999999999,-0.7721999999999999
0x5b7a7908996618a53e0a465aa19a571f24b71c13,1,1,0.02,1.0,0.0,-0.2882,inf,-inf
0x5b9ad17c3e137abf4fdc6604242e10b2b44327ba,5,5,50.0,1.0,0.0,-0.50976,0.10363244955128677,-0.6133924495512868
0x5b9fd2c683922fafba24360e1c6b3dedb1ab08e8,1,1,0.04,1.0,0.0,-0.2713,inf,-inf
0x5bbdda8c2447fd63f0e8dc8a3712352fc81b9ec2,111,2,15517.2,0.6382878354342278,0.1981981981981982,-0.17056936936936937,0.01817979383374571,-0.18874916320311508
0x5bf1031aa784c7d73bee2ac495fe506d09cd5e76,1,1,0.18,1.0,0.0,-0.2861,inf,-inf
0x5c0dc424ea8947a6c375f82b08f391527afa33d4,4,3,95.09,1.0,0.25,-0.03622499999999998,0.2456940454270989,-0.2819190454270989
0x5c1f78b39f60289cad9701907e160fde9d79e7a1,1,1,0.07,1.0,0.0,-0.2756,inf,-inf
0x5c5ade8fb025f5ba72ac0912ee7068259d20f775,2,1,1.03,0.9417475728155339,0.5,-0.10170000000000001,0.10799999999999998,-0.2097
0x5c701b56a2fceff214917754a7552181daa2924d,1,1,0.15,1.0,0.0,-0.2797,inf,-inf
0x5c75c76ea62261b28787a4e3371259cc2e55d3d9,2,1,2.16,0.009259259259259267,0.5,0.006199999999999983,0.6359,-0.6297
0x5c98a18c932da86dcd20d1f0e84c04eb0b9723aa,2,1,0.01,1.0,0.5,-0.004100000000000048,0.7716000000000001,-0.7757000000000001
0x5ca997ca051a0959486e5ce1aa254c76b8fc6ccf,11,4,2130.13,0.17015393426692266,0.6363636363636364,0.08807272727272729,0.06216898538501053,0.025903741887716755
0x5cc64acc0fedd3fecd9c7277fb9fcd9d2c548536,16,3,802.4300000000001,0.01905462158692968,0.625,0.19249375,0.15841875900829788,0.03407499099170211
0x5d2fae355da177026bf4120804b80b61ebd1a96a,1,1,2.0,1.0,0.0,-0.6451,inf,-inf
0x5d57e8750222231f2bd3919e20a954b560629edc,1,1,0.08,1.0,0.0,-0.2713,inf,-inf
0x5d8313bb31ad2e74a9a63f2b7e4a53d78726702b,2,1,0.01,1.0,0.5,-0.005950000000000011,0.76975,-0.7757000000000001
0x5da7346d021f21c415e51671a28ed8ab5a9270b5,99,6,125503.77999999998,0.4604678839155284,0.10101010101010101,-0.35101919191919195,0.03670865627659791,-0.38772784819578987
0x5daf4bdc6f761d439d94bf8bfd1f6f1f81549593,1,1,0.02,1.0,0.0,-0.2881,inf,-inf
0x5dc93af8621446cb1044ba8a9f3b30669d3ae116,1,1,0.45,1.0,1.0,0.6589,inf,-inf
0x5de22d4e22161d77cf62360db34542b6de467856,21,5,1470.0999999999997,0.3897285898918441,0.47619047619047616,-0.08219047619047622,0.08535744197330868,-0.1675479181637849
0x5e0fcc730e70e1c5b3599be1b76be8cbb8071825,2,1,1.9100000000000001,0.10994764397905762,0.5,-0.04139999999999999,0.6224999999999999,-0.6638999999999999
0x5e128ef0f92d7b2b05aacecf6b8f4d461b924555,1,1,0.4,1.0,0.0,-0.1887,inf,-inf
0x5e1af8cc140554053162eaa449290a0e177449d9,3,1,0.03,0.33333333333333337,0.6666666666666666,0.2520666666666667,0.5238799141448778,-0.27181324747821106
0x5e4d671d0936c2d90c952616c88c3b0d949698bd,3,2,104.81,0.5800019082148651,0.6666666666666666,-0.08043333333333336,0.2933017634526674,-0.37373509678600075
0x5e4f694cd2f6dd7d5ed043b7577871365cca873e,2,1,0.01,1.0,0.5,-0.006299999999999972,0.7701,-0.7764
0x5e9a9c49a5546228bd311403e28510a83854dc4c,1,1,0.02,1.0,0.0,-0.2882,inf,-inf
0x5ebc0330b4421903d9e279014f2c48022f458add,2,1,1.9100000000000001,0.10994764397905762,0.5,-0.04125000000000001,0.62235,-0.6636
0x5ec4fe361c37286ae5dee6e97a899d88c05de30b,1,1,0.03,1.0,0.0,-0.2713,inf,-inf
0x5edd6b71bf16aea3573d754fed8f17c4a30d01d8,20,2,652.01,0.020843238600634962,0.7,0.12357499999999999,0.07717621902435191,0.04639878097564808
0x5ef22d20b4a452dcadbd0e59e7309a43e2fbf473,2,1,600.0,1.0,0.0,-0.48165,0.0002500000000000002,-0.4819
0x5ef3cc4e6259386bb3ce29aec06a1a11ea80baec,1,1,0.07,1.0,0.0,-0.2756,inf,-inf
0x5f1602ea45e86bc1d0e171b8c5204a2042880073,2,1,0.01,1.0,0.5,-0.005950000000000011,0.76975,-0.7757000000000001
0x5f29582e5bee7ee6247676befb94ce704b450a22,1,1,0.05,1.0,0.0,-0.2859,inf,-inf
0x5f34067f65c4c54a97078d0d27b0bfb8009751db,1,1,0.01,1.0,1.0,0.7635000000000001,inf,-inf
0x5f41f38481883f5f89321a5adf6c689a48c30f42,6,2,2638.69,0.24204813752278595,0.6666666666666666,0.11623333333333331,0.13226532845425182,-0.016031995120918505
0x5f561e23eded4e0bcd9c2cc9c0ef56876c725e20,2,1,0.5,1.0,0.0,-0.2857,0.0,-0.2857
0x5fb4fe74a878191adde98c460c3909e10aa712a3,1,1,5.0,1.0,1.0,0.46009999999999995,inf,-inf
0x5fc2b904ce2352a84a3ea75b916c251718b1c5bd,1,1,100.0,1.0,0.0,-0.0345,inf,-inf
0x5fc67c353e7dfb3dceafd25a1115a1c6c1c80634,4,1,123.34,0.13507377979568674,0.5,-0.019525000000000015,0.3615650065456188,-0.3810900065456188
0x5fd04fba5f3f2b556c7ea407936653e174d24178,2,1,0.01,1.0,0.5,-0.006249999999999978,0.7700499999999999,-0.7762999999999999
0x601c08779d1aebc8e4ec5288c48452d7ad09d77c,1,1,0.27,1.0,1.0,0.7256,inf,-inf
0x60320e6bb2d7dfd018c8ce8d4d8ccb0d73fc06ea,2,2,200.0,1.0,0.0,-0.39175,0.26585,-0.6576
0x606495f8cd467ec3e4ea24fca9623dc6833f9f9a,1,1,0.02,1.0,0.0,-0.2882,inf,-inf
0x60b2a17f0472db7361ae3189ad99063efe0b3cce,57,21,60680.0,1.0,0.7719298245614035,0.29287894736842107,0.0475867268367225,0.24529222053169858
0x60ca9faedf736300550fb3966265d5cea76f734f,3,1,0.03,0.33333333333333337,0.6666666666666666,0.25160000000000005,0.5119,-0.2603
0x60d1549f319cd574e0a3efdcd7ad98bc5fbbd9ec,1,1,0.02,1.0,0.0,-0.2713,inf,-inf
0x60e3228cf7e4d200c2eff78e10e7a56f775049c0,50,14,20119.36,0.546134668299588,0.72,0.088696,0.045073662789088816,0.04362233721091118
0x6125a7ed59462bd8e38c10310ec3cd05ae67fb4f,3,1,0.03,0.33333333333333337,0.6666666666666666,0.25160000000000005,0.5119,-0.2603
0x6126b8b3d6f48d4460f17632b71c1a9fbf05273f,15,6,1901.17,0.9532919202385898,0.13333333333333333,-0.14455999999999997,0.06567385998793039,-0.21023385998793037
0x6155a2eabd186df1bc626d94a640081e471ecab3,2,1,2.2,0.03636363636363629,0.5,0.023799999999999988,0.6221000000000001,-0.5983
0x615debc65152c04d3901f387b9fdd0fdcadac773,1,1,0.04,1.0,0.0,-0.2712,inf,-inf
0x616d76a87d2b06876f9237078f04d5aa9ca9a292,1,1,0.1,1.0,0.0,-0.2859,inf,-inf
0x6176270826d5db1d05e434b05b75df447c8b4d89,1,1,0.02,1.0,0.0,-0.2729,inf,-inf
0x61aacd444947bdf3150041a71c848285b50f6600,1,1,0.08,1.0,0.0,-0.2729,inf,-inf
0x61b7acc426bd48c2c4f0d9d6ffc7dbcd5deae7e2,185,22,10538.96,0.3270664278069184,0.5675675675675675,-0.02335513513513513,0.02862246119551919,-0.051977596330654324
0x61ed74536b115be2c836f2af63f36f5467cbfaac,2,1,0.01,1.0,0.5,-0.02529999999999999,0.7890999999999999,-0.8143999999999999
0x62623595de636521500f369217088473cb6f9beb,1,1,0.05,1.0,0.0,-0.2654,inf,-inf
0x62b23e02b10466c2db6bb6e8737dbc9e834485d5,1,1,59.13,1.0,0.0,-0.2046,inf,-inf
0x62d2bcd198bb6eab8b7eeb9d2061815dc02b9eb7,4,3,1042.78,0.4279138456817354,0.75,0.06049999999999997,0.16537093658399188,-0.10487093658399191
0x62fdc908129e8e70439355df48402795320c0b02,1,1,0.04,1.0,0.0,-0.2729,inf,-inf
0x6304f0c8df6ae696a25a1f890f8353a626b9572d,7,2,500.91,1.0,0.0,-0.3163714285714286,0.049172910245793025,-0.3655443388172216
0x6305b6176bf9efd01c7d47d334d1ab3c290e2513,1,1,231.0,1.0,1.0,0.1511,inf,-inf
0x6332cc5bfdf2772dbc35100eb0f3d0c351ae7572,2,1,2.1799999999999997,0.03669724770642195,0.5,0.023999999999999966,0.6223,-0.5983
0x6340c486a8fb71d51e28c0cd35204f7c383e8c20,1,1,0.15,1.0,0.0,-0.2861,inf,-inf
0x63417742b1d10c51e5bd63a738f73be9840b097c,5,5,68.0,1.0,0.2,-0.22800000000000004,0.2420908940873241,-0.47009089408732413
0x6356fb47642a028bc09df92023c35a21a0b41885,2,2,65.9,1.0,0.5,-0.2056,0.2744,-0.48
0x63888d14f1f57c543cf65d939077c5a6e21e6248,2,1,0.01,1.0,0.5,-0.005950000000000011,0.76975,-0.7757000000000001
0x63b2c44a2bab92a2fc0e785edc7ff6fcd9e5cb01,12,10,869.78,1.0,0.16666666666666666,-0.3519583333333334,0.08209341450937511,-0.4340517478427085
0x63e4a21099be18fbcae8ef2376759f859b16ee1c,2,1,13.75,0.01818181818181818,0.5,-0.0028499999999999914,0.15585000000000002,-0.1587
0x63f62d392e7f4c7acb01ce23c0aad6c804969a32,2,1,1.9900000000000002,0.06532663316582914,0.5,-0.024150000000000005,0.63545,-0.6596
0x63f8eb9f5f902f6637f75f10fc185e77b0f660ac,95,13,39977.95,0.483421235956321,0.49473684210526314,0.0009010526315789486,0.04584555184233705,-0.044944499210758104
0x63ffb31a3ad5a57934cb14aa8a2861f57a74b152,2,1,0.01,1.0,0.5,-0.0041999999999999815,0.7679999999999999,-0.7721999999999999
0x64017a747be8d43a5bb973e64c97d2b954eccf11,1,1,30.0,1.0,0.0,-0.1884,inf,-inf
0x6404bfa37fe830e29ee8967e1c3b2a8091d5f250,37,10,8791.72,0.8527500875824071,0.7297297297297297,0.05371891891891892,0.05752107602222269,-0.0038021571033037757
0x6408db55cb5e4a69554d9e6f781222354ba3a096,1,1,0.1,1.0,0.0,-0.2729,inf,-inf
0x6419845c2ae691cbe85dbe037eb17306bc7450fe,1,1,0.02,1.0,0.0,-0.2713,inf,-inf
0x645280d11cd8257e3bc7c91965d3ec971b1f9324,2,1,1.9100000000000001,0.10994764397905762,0.5,-0.04125000000000001,0.62235,-0.6636
0x646d2d74b2a00be8029cdd0809134fa008b89387,1,1,0.12,1.0,0.0,-0.2859,inf,-inf
0x64700303712230f88639fc38f7b10c6c5c496934,1,1,0.02,1.0,0.0,-0.2728,inf,-inf
0x6472b5922029a7fcc0bd301ef13f89f6d971b210,2,1,0.01,1.0,0.5,-0.005950000000000011,0.76975,-0.7757000000000001
0x6484f7c262dcc091608df6a2cf1c1ee6c003a85f,1,1,0.27,1.0,1.0,0.7263,inf,-inf
0x64a068aeca44432f80a81a141bce7db73f2ffcaf,1,1,0.1,1.0,0.0,-0.2654,inf,-inf
0x64ce3a8d10e482608eedff9763173789f67d2561,1,1,0.01,1.0,0.0,-0.2713,inf,-inf
0x64d0228bcb1b55b52bdf73957270a62ca95461e2,2,1,0.01,1.0,0.5,-0.02529999999999999,0.7890999999999999,-0.8143999999999999
0x64da245a814c439b6976a1c8546638ce269764c5,3,1,6898.15,1.0,0.0,-0.5301,0.12494384071787347,-0.6550438407178735
0x6517a719542e3ac105d230de1fab2625b124568e,1,1,0.02,1.0,0.0,-0.2882,inf,-inf
0x6522f5cac50dd81ab806fa0b33a4f2b358c30caf,1,1,0.01,1.0,0.0,-0.2729,inf,-inf
0x65534219baea7ac41d7d4186888ce4079825365f,1,1,0.01,1.0,0.0,-0.2713,inf,-inf
0x6570c7cd169f91dd9653b73a85f3cbbba775f036,1,1,0.02,1.0,0.0,-0.2733,inf,-inf
0x65a56a39f86233eba3dc387257e77bdea9f2e0be,22,14,261.2,1.0,0.8636363636363636,0.23772272727272722,0.05024296721556325,0.187479760057164
0x65a86d717eeed6afa18722afedf3f1d5db5b7ff7,1,1,0.04,1.0,0.0,-0.2712,inf,-inf
0x65caa100b1f65e9be24e79470fd581a605384c7f,2,1,0.01,1.0,0.5,-0.0041999999999999815,0.7679999999999999,-0.7721999999999999
0x65ddff09f4439814c2926053fc57edc4d780cbd2,1,1,30.01,1.0,1.0,0.5997,inf,-inf
0x65eba4d66d39fdd29ad82b0808942e8c038ee996,2,1,2.14,0.03738317757009349,0.5,0.023749999999999993,0.62205,-0.5983
0x6600069c708d7a0c7987b049b13b9196c341b2be,1,1,0.16,1.0,0.0,-0.2883,inf,-inf
0x66125d74a92c258e5398d6563647331e30883cab,2,1,0.01,1.0,0.5,-0.0041500000000000425,0.77155,-0.7757000000000001
0x662b548ddb51607f5821fb0df1c3f22f52f6d266,1,1,4.68,1.0,1.0,0.7018,inf,-inf
0x66542bb059350f22111598a474e59925ea5ec8b2,2,1,0.01,1.0,0.5,-0.005950000000000011,0.76975,-0.7757000000000001
0x66639f71a02b1f346bec2c7793273c0d59793533,1,1,0.02,1.0,0.0,-0.2797,inf,-inf
0x667de6376f3b3a1ed920c18ef51889490f950773,18,17,915.0,1.0,0.6666666666666666,-0.08018888888888889,0.1044816964577941,-0.18467058534668299
0x668108e31164d876b2d06582b52325dddbe8c2e4,2,1,209.82,0.04680202077971592,0.5,0.031000000000000028,0.6621999999999999,-0.6311999999999999
0x66c06a4b21492a3ee9b5202280259c62c0803b83,2,1,0.01,1.0,0.5,-0.005950000000000011,0.76975,-0.7757000000000001
0x66c49caa591865f6be67abc4248a7c10e311e0fd,2,1,31.73,0.26063662149385436,0.5,-0.12890000000000001,0.5053999999999998,-0.6342999999999999
0x66e8d09d2034c4d247bd68b6da61b54154315d32,2,1,0.01,1.0,0.5,-0.004100000000000048,0.7716000000000001,-0.7757000000000001
0x670a8b3015ff52b1b8fd453d01e1fbfe5b225ebc,2,1,0.01,1.0,0.5,-0.005950000000000011,0.76975,-0.7757000000000001
0x6727da706628b2f23c416ada554a12c2c378db84,67,12,16032.19,0.3295837936052404,0.5373134328358209,-0.015835820895522386,0.047824437751323105,-0.06366025864684549
0x67648291a1181780108733194a3243745da34457,4,1,7.859999999999999,0.017811704834605615,0.75,0.30939999999999995,0.3160666675455248,-0.0066666675455248625
0x67792cc0f0f6de7108fff409b9f7b59f5d441873,1,1,0.08,1.0,0.0,-0.2729,inf,-inf
0x677959d87124c2bfefc5d50c5d8bf2ee4b6a7b4b,1,1,0.02,1.0,0.0,-0.2729,inf,-inf
0x67a5f110a45e051b6dc8b6b58c1a1a1c3a03668b,3,1,0.03,0.33333333333333337,0.6666666666666666,0.25160000000000005,0.5119,-0.2603
0x67d907b6a53614761b1ccc1e8e6f40d49b6fe26c,1,1,1.2,1.0,0.0,-0.764,inf,-inf
0x67e7179018dc475140f6bbc27d58984b96c89911,2,1,0.01,1.0,0.5,-0.0041999999999999815,0.7679999999999999,-0.7721999999999999
0x67fbafbac5bfe3abc73996952e291b832d5f796a,1,1,100.0,1.0,1.0,0.08499999999999996,inf,-inf
0x6810460f43f1299227d4504a3643e680851ff93b,2,1,300.0,1.0,0.0,-0.64575,0.020450000000000024,-0.6662000000000001
0x6815ac027475120b914a26047393a474e2eeefa9,2,1,0.01,1.0,0.5,-0.0041999999999999815,0.7679999999999999,-0.7721999999999999
0x68270e17206faf906c8b44ccdb5532328b525b25,2,1,22.58,1.0,0.5,-0.008999999999999952,0.47619999999999996,-0.4851999999999999
0x683f4d4041b4f0b2c5d8c4c81bb0544a9e8e936d,1,1,0.2,1.0,0.0,-0.1581,inf,-inf
0x685be2dd2cc728cc67d846a740ffd901830929a7,1,1,0.17,1.0,0.0,-0.2859,inf,-inf
0x686e057530c440136d472d74430b23e532c41078,1,1,0.08,1.0,0.0,-0.2728,inf,-inf
0x68814989bcbad2c5f99b7bfe49994ca48dcbfd68,1,1,0.04,1.0,0.0,-0.6365,inf,-inf
0x68a3375c9da80c377a06b8082b01bb69b23e0e63,1,1,28.85,1.0,0.0,-0.1879,inf,-inf
0x68cecf6fdaaa7cd18caf166691d73401407bd06d,8,3,6688.92,0.9119319710805331,0.875,0.263875,0.06164692307812289,0.20222807692187714
0x68e87ebe0aa411beaab627d1259ce77ffcc2412e,1,1,0.02,1.0,0.0,-0.2882,inf,-inf
0x68eaaa77d01a8faba4c075268f67b4a29d51dab1,2,1,1.9900000000000002,0.06532663316582914,0.5,-0.02410000000000001,0.6354999999999998,-0.6595999999999999
0x690f874363dbc7229b8184a9c38e1006a1f5fb23,2,1,0.01,1.0,0.5,-0.0041999999999999815,0.7679999999999999,-0.7721999999999999
0x6913264009184c97ef66297e364ea04fab7ec985,1,1,0.17,1.0,0.0,-0.2861,inf,-inf
0x6948996d2623a3de84259ea9fc8a02cdcbe763aa,2,1,33.510000000000005,0.40316323485526706,0.5,0.0649,0.1609,-0.09599999999999999
0x6972caa19a93da6f106e696420d80342cc265c54,1,1,0.05,1.0,0.0,-0.2729,inf,-inf
0x699cae80944d2f9ff48f6a942fd44368916a462c,2,1,0.01,1.0,0.5,-0.005850000000000022,0.7698499999999999,-0.7757
0x69bb9193ff5005ddef73a5c850ce387e7cd092d7,1,1,0.05,1.0,0.0,-0.2859,inf,-inf
0x69e290cc8e664fab765c0858fb2ee0fd3e7f37f8,1,1,0.07,1.0,0.0,-0.2857,inf,-inf
0x69e7ad68b5f11e97927e4bd938baf7dfb60bd3b0,13,4,1849.23,0.7641396689432899,0.5384615384615384,0.19496923076923078,0.11165822072036555,0.08331101004886524
0x69f3ba62e422e7946acca49dbe173b2a85fc4d34,1,1,0.03,1.0,0.0,-0.2713,inf,-inf
0x69fa8c7957d6797ee9f506cfaea8c51e6b6f9da2,67,12,9535.3,1.0000000000000002,0.08955223880597014,-0.23446268656716418,0.022476962107464055,-0.25693964867462826
0x69fb4b70dc8072a19ece595d4be6543a565e2540,2,1,18.64,0.0729613733905579,0.5,-0.025249999999999995,0.34555,-0.3708
0x6a0f597d8dba3c8d139a112e26fe8e62ccd46ca4,2,1,2.26,0.03539823008849551,0.5,0.023599999999999954,0.6219,-0.5983
0x6a29804939d1dd6a00ba3ff807402d0de90e0f11,29,13,152.37000000000003,0.15298287064382748,0.4827586206896552,-0.0405,0.06417044882547616,-0.10467044882547616
0x6a30e32f0699fc95bde15ed0b292918c430e582b,2,1,0.01,1.0,0.5,-0.0041999999999999815,0.7679999999999999,-0.7721999999999999
0x6a310ac91ac3161cc5b115731848553dfb190841,3,2,104.28,0.6079785193709244,0.6666666666666666,-0.08786666666666665,0.2874819491917903,-0.37534861585845697
0x6a5e5067445e1cacae46aae4bfcbb604ccb1601b,1,1,0.04,1.0,0.0,-0.2712,inf,-inf
0x6aba25853c15132b1b518d10b2aaccc93a22d11e,1,1,0.01,1.0,0.0,-0.2729,inf,-inf
0x6af4c0df671c450ebae15dc149ed68bb6bf18fce,2,1,2.1500000000000004,0.004651162790697678,0.5,0.005949999999999955,0.6356499999999999,-0.6296999999999999
0x6af75d4e4aaf700450efbac3708cce1665810ff1,7,4,2832.35,0.4072342754250004,0.42857142857142855,-0.08007142857142857,0.1561782234595886,-0.23624965203101717
0x6b1a1e852e6913708b0a69c9b000e1f678eb7a2a,1,1,0.07,1.0,0.0,-0.2756,inf,-inf
0x6b1c5852a5cb42c5765236c8c1e387f215ef773c,3,1,0.03,0.33333333333333337,0.6666666666666666,0.25160000000000005,0.5119,-0.2603
0x6b2385e90343734b1659a1510485b832f62afdc3,2,1,2.0100000000000002,0.0746268656716418,0.5,-0.026500000000000024,0.6378999999999999,-0.6643999999999999
0x6b3329d1c50ff7d6f8c475e696b63cca78117930,48,8,3962.1299999999997,0.3241968335213635,0.3125,-0.13996458333333336,0.042372615363098276,-0.18233719869643164
0x6b3d278a0a62230364f55f1684ad24c1c12d76dd,188,28,13479.599999999999,0.6614840202973383,0.5372340425531915,-0.00972446808510638,0.0254996100083325,-0.03522407809343888
0x6b464bd39dc590abd84067c36588f16fd34c6119,1,1,0.02,1.0,0.0,-0.2654,inf,-inf
0x6b5510f8c0251a7131c7eda5091908f0eec9c60f,38,8,988.12,0.5179330445694854,0.4473684210526316,0.020607894736842106,0.05599013367941932,-0.03538223894257721
0x6b6cbf2077626752097890cf7457aa76bb6ea965,2,1,0.01,1.0,0.5,-0.0037499999999999756,0.7918499999999999,-0.7955999999999999
0x6b814b0d74273d2bf2787d924f334bb94c770f3c,2,1,1.94,0.11340206185567014,0.5,-0.04189999999999994,0.6219,-0.6638
0x6ba2411b392b71b6e6746c5d3aa49683646ef3eb,2,1,21.03,0.04897765097479787,0.5,0.0038000000000000256,0.07840000000000003,-0.0746
0x6bbbc4eca532ccff5cecfa506404a6ecb495ffe5,2,1,0.01,1.0,0.5,-0.005850000000000022,0.7698499999999999,-0.7757
0x6bc5b6eb5d6102799abc7951688f9e342dcd99e5,1,1,0.07,1.0,0.0,-0.2756,inf,-inf
0x6be5ce4bdf81265258931488b7a664558d296550,1,1,10.0,1.0,0.0,-0.3472,inf,-inf
0x6c1891cc4f3e47b350fd39db21f7c6bba27ddfcb,4,2,623.81,0.022138151039579317,0.5,0.10907499999999998,0.17858385693654766,-0.06950885693654768
0x6c27af0d5113b3b90e644d198e94bbb9357be6cf,1,1,0.17,1.0,0.0,-0.2861,inf,-inf
0x6c2ecdbf7b8b82bdd49f6bfbabdff8208d6b75ea,143,21,18230.98,0.15932549978114183,0.5664335664335665,0.08759230769230768,0.02402403391875031,0.06356827377355737
0x6c383ded590ebd8dd5cda1a165f016b8e66da44d,1,1,0.07,1.0,0.0,-0.2756,inf,-inf
0x6c405d9296dfbff2542a45f17185acbe55510d8d,2,1,0.01,1.0,0.5,-0.005950000000000011,0.76975,-0.7757000000000001
0x6c44f80016a0dcb5b93b234b25ce3d2d728a4c31,1,1,0.08,1.0,0.0,-0.2713,inf,-inf
0x6c50c3f81bda31529a2fd78b23c59f9c706ca2f8,4,1,400.0,1.0,0.0,-0.2217,0.020348996699264224,-0.24204899669926422
0x6c554cbbc01784aa67f434a26b7cd2d3e276044f,1,1,0.02,1.0,0.0,-0.2756,inf,-inf
0x6c77b47614e8e8efd5e162c1523831cf9c5b06eb,2,1,0.01,1.0,0.5,-0.02529999999999999,0.7890999999999999,-0.8143999999999999
0x6c793091260ea39c9bd263cf863aae1483a26ed9,2,1,0.01,1.0,0.5,-0.006349999999999967,0.77015,-0.7765
0x6c7a04b6e6a77cb41e5bfeacc1f725859f1e1834,2,1,0.01,1.0,0.5,-0.005950000000000011,0.76975,-0.7757000000000001
0x6c9264336622411ea73283e7624bb2a6e00b1322,6,5,699.71,0.9999999999999999,1.0,0.20196666666666666,0.1116595231545931,0.09030714351207356
0x6cb5e5a4881f46e63cccb98f9014b72eed2bc563,129,7,38025.58,0.19261770629139646,0.5348837209302325,0.07142403100775194,0.027664294433456305,0.04375973657429563
0x6cb93787b9eaa8d1f6f5b6e675459b862333c956,2,1,0.25,0.19999999999999996,0.5,-0.022799999999999987,0.1284,-0.15119999999999997
0x6cbc2014ae73f8374fe4aa9b0dbc8a23647a218b,1,1,0.08,1.0,0.0,-0.2729,inf,-inf
0x6ce2b955c8e67cc8e611ef4b577c1c2c91015ec6,2,1,19.64,0.018329938900203638,0.5,-0.009100000000000052,0.5015,-0.5105999999999999
0x6cf96d1e20cb8a6b9e6a041af6b61623e6e97fbd,2,1,0.01,1.0,0.5,-0.005950000000000011,0.76975,-0.7757000000000001
0x6cfdddb6c7c79518649ab5e2be570c01601d1b5c,4,2,118.45000000000002,0.018151118615449543,0.5,-0.006324999999999997,0.20744786644279248,-0.21377286644279248
0x6d0e507716146d08e8f155e7b2258ccbaea79897,2,1,0.01,1.0,0.5,-0.01589999999999997,0.7797,-0.7955999999999999
0x6d18aaede5a5c4d7cbc5d4498c1b9439137f7515,1,1,0.5,1.0,1.0,0.6211,inf,-inf
0x6d1fd49170df1aafc75d6bfba3a502d6083774f4,1,1,0.02,1.0,0.0,-0.7485,inf,-inf
0x6d590577ceae2f3a94c3a1b6904a4b3f9a86d9ec,1,1,104.56,1.0,1.0,0.4627,inf,-inf
0x6db5ba9c61f9ce454ba29169452a2c22ae4a1786,2,1,2.05,0.06341463414634152,0.5,-0.02410000000000001,0.6354999999999998,-0.6595999999999999
0x6dd6314d1670f9f1ccccbd6746b0bf2f2fa0f5f4,6,4,861.9300000000001,0.7402805332219553,0.6666666666666666,-0.03481666666666666,0.15266917483383619,-0.18748584150050285
0x6ddc44238b053b20a673b1ae5dafd2fdb416dae3,3,2,2597.56,0.4195244768167049,0.6666666666666666,0.07706666666666669,0.04764876120576951,0.029417905460897176
0x6de391f369a4d7f2e93553cbd8939b270269668a,29,4,380.23999999999995,0.48348411529560287,0.5517241379310345,-0.06849655172413793,0.09672663660357148,-0.1652231883277094
0x6e0099b49d9c873dd84b04d452a6328ed2150e36,1,1,10.0,1.0,1.0,0.3952,inf,-inf
0x6e491be1e3739ebbd05059b26f3a8748eb05acf2,1,1,1282.57,1.0,0.0,-0.2059,inf,-inf
0x6e6d4912e71c5036f9baaf04984709d8cfc57924,2,1,0.01,1.0,0.5,-0.0041999999999999815,0.7679999999999999,-0.7721999999999999
0x6e784d0dc474c63d9e7600837b913f70d389d756,92,8,7.569999999999999,0.6089828269484808,0.44565217391304346,0.06361304347826087,0.06302349324237393,0.0005895502358869431
0x6eb4ad8ca0f77c03942644a39a5b9f43f5d92ecf,2,2,700.0,1.0,1.0,0.16635,0.034050000000000025,0.13229999999999997
0x6ecc24eb5fdba6e14d3998aeb08e760089955f24,2,1,2.14,0.009345794392523372,0.5,0.005949999999999955,0.6356499999999999,-0.6296999999999999
0x6edb094ef71efb94defb79e59016880cac290ade,1,1,9.48,1.0,0.0,-0.2616,inf,-inf
0x6ef3bd71e0133a5aebec7621adedc6d48c96d8a2,40,10,8666.89,0.9845642439214067,0.175,-0.44923,0.04977085250399433,-0.49900085250399434
0x6f0cba573dd36ba693f06ca7e1a2b1444c151d0b,1,1,10.0,1.0,0.0,-0.6212,inf,-inf
0x6f119a43a9e3b1e3540146814ef8ba298f42ba51,6,1,116.12,0.009645194626248747,0.5,-0.005750000000000015,0.13313938498180522,-0.13888938498180523
0x6f23abbe0a3d767c6bf74cf45af0cfc2c2b7ca43,2,1,0.01,1.0,0.5,-0.005950000000000011,0.76975,-0.7757000000000001
0x6f2513f9742196023dd44c311fccfcf15813f8ff,1,1,0.12,1.0,0.0,-0.2861,inf,-inf
0x6f49ac5dd2fee7b11b6a8f2eca471208665af6f8,2,1,10.77,0.8570102135561747,0.5,-0.3192,0.3727999999999999,-0.692
0x6f67c42992c6164e42c83ff1c87abb6d5f3af588,10,2,254.79999999999998,0.2739403453689168,0.2,-0.11127000000000001,0.06347550017307639,-0.17474550017307638
0x6f79505dbcc50e06f0fcb7f227d366f631686aa9,2,1,0.01,1.0,0.5,-0.0041999999999999815,0.7679999999999999,-0.7721999999999999
0x6f87226f46d8511fb169fdba58589e8184d9f277,8,2,42550.0,1.0,0.375,-0.400925,0.14898003551530942,-0.5499050355153094
0x6f8fb007776c545c1bc0b6a4e486ffda95ca6b6c,1,1,0.03,1.0,0.0,-0.2713,inf,-inf
0x6fac4c06086fa4de0728e85a6c12d46b74c76d7e,2,1,3.9299999999999997,0.017811704834605615,0.5,-0.007899999999999963,0.5691999999999999,-0.5771
0x6fdd55ebdf81127ded38fdb5e7a54bcf488e6eab,1,1,0.02,1.0,0.0,-0.2882,inf,-inf
0x6fe6a8869a9c80f6da7f08827dc499c05ea325dc,1,1,0.1,1.0,1.0,0.6752,inf,-inf
0x70283b092c97f928260ce77ca9982597f041c45d,1,1,0.08,1.0,0.0,-0.2728,inf,-inf
0x702df8164a4144c60f996899360dc659cd7ebd9f,1,1,0.07,1.0,0.0,-0.2728,inf,-inf
0x704859fdd5916823cf7bac0807549721d8f998c9,3045,36,78927.68,0.05129581916002089,0.5001642036124795,0.01315806239737275,0.005610086778501711,0.007547975618871038
0x7059109385f47040db8629032d7cf8b5b50670a2,11,2,8973.81,0.21995228336681968,0.45454545454545453,0.014209090909090888,0.20962434342263758,-0.1954152525135467
0x707fcbee57f4cce324ab9b7ed259a1122e9934c8,7,3,953.0699999999999,0.5803036503090014,0.8571428571428571,0.18787142857142852,0.05507419114805268,0.13279723742337585
0x7096fc90688d197a1111a958f3263fbc27ddc72d,2,1,0.01,1.0,0.5,-0.006249999999999978,0.7700499999999999,-0.7762999999999999
0x70a2e8b23bfa0b91ea697d54579d6c352da6ee23,5,3,15.52,0.43170103092783507,0.4,-0.1127,0.2332580630975058,-0.34595806309750576
0x70d350d0d8b8201e56e4881a778182c498826ae4,1,1,0.2,1.0,0.0,-0.6819,inf,-inf
0x70e76ead93700ff6812d08fb2cebdce4991541c3,2,1,0.04,1.0,0.0,-0.2882,0.0,-0.2882
0x70f4be53fc504c2f16578fe08a0ee4b5e5e2d267,1,1,0.04,1.0,1.0,0.2579,inf,-inf
0x7129940e3b03fc44a285bd5145e8ad88d1fa19d7,2,2,101.0,1.0,1.0,0.10315000000000002,0.016649999999999995,0.08650000000000002
0x7153ea58f5e14e7181b40c3dc6a80180d245f0fe,1,1,0.08,1.0,0.0,-0.2728,inf,-inf
0x716ab045dd7aced76c007060ab4d74ce56de8a61,18,11,362.13,0.8249799795653495,0.2222222222222222,-0.24533888888888888,0.10841359866313256,-0.35375248755202143
0x716c0d98d16aadd216ad2a206ff4f0a50869b237,1,1,0.04,1.0,0.0,-0.2859,inf,-inf
0x71735b2255c0d073aa24713ed9b6083cfb547d75,13,4,5658.960000000001,0.9431026195626049,0.38461538461538464,-0.23721538461538463,0.14274124825934204,-0.3799566328747267
0x71b82a34ca4b71f068b26fdd8b8bd12864724963,22,4,1539.15,0.09850242016697525,0.4090909090909091,-0.10335909090909091,0.13244611771507742,-0.23580520862416832
0x71e8496fd9eb2e5b91ca566660312fc3107a337a,1,1,0.07,1.0,0.0,-0.2712,inf,-inf
0x71facbc1f6e3420e4243e5e8492356712df6d89f,2,1,0.01,1.0,0.5,-0.004349999999999965,0.76785,-0.7722
0x721b6a9ef5eac74acfa1af78bb39ee07c0842019,2,1,30.0,1.0,1.0,0.4445,0.0,0.4445
0x7224d30cebd19863ba03774d19ca4f666572077f,1,1,0.0,0.0,0.0,-0.2713,inf,-inf
0x72293085b38cfb1046d7e933cb96115bf0ab0ad5,2,1,0.01,1.0,0.5,-0.005950000000000011,0.76975,-0.7757000000000001
0x722e77bbc0a19d1280b222aa4fb1036520b32da0,1,1,0.27,1.0,1.0,0.7254,inf,-inf
0x724152ef550f269ffedbbbbd18a0c01c051ddd16,2,1,0.01,1.0,0.5,-0.005950000000000011,0.76975,-0.7757000000000001
0x725d6e239a94bd0de2ebc7e035f213873c510c3e,4,1,1413.44,0.9809825673534072,0.5,-0.04249999999999998,0.40333973892985053,-0.4458397389298505
0x7263750d57736e6b4ffcc5967b59ff0546a50a0a,1,1,0.04,1.0,0.0,-0.2733,inf,-inf
0x7281dc3732c96b9b7e5953065bcb14d518e51e8d,1,1,0.04,1.0,0.0,-0.2881,inf,-inf
0x72a829c12529aa333d1a89a290828a4030b56cdf,1,1,0.5,1.0,1.0,0.5989,inf,-inf
0x72ad0d13a822fe3cfab3212ae812cb4825345a6f,2,1,0.01,1.0,0.5,-0.005950000000000011,0.76975,-0.7757000000000001
0x72bf729375838dea7ad12194b0aeb06eaa96e400,1,1,0.05,1.0,0.0,-0.2881,inf,-inf
0x72dfe24820a5aa4037c7f746fd27f433e973387d,8,2,985.55,0.5079904621784791,0.625,0.09997500000000001,0.15584821570773824,-0.05587321570773823
0x72eaaa98db063b013736b514a7116ab40af305dc,2,1,0.01,1.0,0.5,-0.006199999999999983,0.77,-0.7762
0x72fc127a4a0ac96b2f1d7144d5f4bba3187ae2b9,1,1,0.02,1.0,0.0,-0.2882,inf,-inf
0x733adbafdbac30b59dc8a7e2606bf4404e820eeb,2,1,0.01,1.0,0.5,-0.02529999999999999,0.7890999999999999,-0.8143999999999999
0x733ea5666778815fd474195f1a5b0f40c03ad4d9,1,1,0.1,1.0,0.0,-0.2729,inf,-inf
0x7349423f4cbbd82ff7d9fc9f64536e96bdfb5d77,1,1,0.08,1.0,0.0,-0.2865,inf,-inf
0x735367ca0a18c5a612de9db78cef55e885bd69fd,2,1,0.01,1.0,0.5,-0.005950000000000011,0.76975,-0.7757000000000001
0x735e900eef7bc7b26d8ce97e1a6594c6e6ed9563,1,1,0.02,1.0,0.0,-0.2882,inf,-inf
0x7384b1be834267b525803cb6e12f58e84e92ae68,1,1,0.02,1.0,0.0,-0.2729,inf,-inf
0x738f22e0016d8fc376596516abb5b4fc3dcd0002,1,1,0.06,1.0,0.0,-0.2861,inf,-inf
0x73aaa08df237393a1e58108c76c4eb5d29c733ac,2,1,0.01,1.0,0.5,-0.0043500000000000205,0.7717499999999999,-0.7761
0x73c4d741fddcbd3056b57dd6f37c28add6db753e,1,1,0.02,1.0,0.0,-0.2859,inf,-inf
0x745c0e9956713a915c8a324b74395cf7f80922bc,2,2,600.0,1.0,0.5,-0.10540000000000002,0.17139999999999997,-0.2768
0x74ae0fd1d41a4ef71037fd14e69e811a6170c765,2,1,2.14,0.009345794392523372,0.5,0.006149999999999989,0.63585,-0.6297
0x74b5b1f6b6c1ed97ab7289b85ddc713021543ee1,1,1,0.3,1.0,1.0,0.7261,inf,-inf
0x74ba81d9f0017d15eb3d0930bb9c47a64898200b,1,1,0.02,1.0,0.0,-0.2882,inf,-inf
0x74ca2b24017454be35d428c4c84209651acc4f33,3,1,0.03,0.33333333333333337,0.6666666666666666,0.25160000000000005,0.5119,-0.2603
0x74d8886d9591e6622c40994e54f6ae779ae5e16a,1,1,0.08,1.0,0.0,-0.2729,inf,-inf
0x74d8a244bd6d12d64d569ae713686038d871aff5,445,7,8815.150000000001,0.20138624980856812,0.5707865168539326,0.04758022471910112,0.012954224938191154,0.034625999780909966
0x74e05198b385e69484ebcd660029adf9feee4975,1,1,0.02,1.0,0.0,-0.2882,inf,-inf
0x752e69ce221faa1781ed2d9cc5fe0ebe4a78b53a,1,1,0.08,1.0,0.0,-0.2883,inf,-inf
0x7549368d967a050a51fa6537c9d7952d440d3a23,2,1,0.01,1.0,0.5,-0.0041500000000000425,0.77155,-0.7757000000000001
0x754af581e820ea0dc9dbce2e8979e037eb95b519,2,1,10000.0,1.0,1.0,0.1295,0.011799999999999975,0.11770000000000003
0x754c1cf600fd2fa8f7b9ab899ef7f000f677e87f,2,1,0.11000000000000001,1.0,0.0,-0.2712,0.0,-0.2712
0x75566377226bf8e77bc4d6ac0ac029b7d38c4272,1,1,0.1,1.0,0.0,-0.2729,inf,-inf
0x757121e0845bd69b4a59064b0f4f3f733878c147,2,1,0.01,1.0,0.5,-0.0041999999999999815,0.7679999999999999,-0.7721999999999999
0x75be6b6b62afddeb9ffd28a5fae2544a171fdc11,2,1,26.56,0.04367469879518073,0.5,0.01859999999999995,0.5748,-0.5562
0x7668efbca0df8195ba199d3e19cb768e8b3779ec,578,19,88584.5,0.7202469958062641,0.6055363321799307,-0.014083564013840828,0.015551447398496033,-0.029635011412336862
0x768183413c444a9770fb2e85e8ff4c7e70a881e6,1,1,10.0,1.0,0.0,-0.6651,inf,-inf
0x76873f8dc5148728b4ee59af4c1a018880220023,1,1,0.19,1.0,0.0,-0.2642,inf,-inf
0x76abc4deb4376bdd94f130316efe8e7483ed60f6,20,6,952.06,1.0,0.65,-0.25149499999999997,0.09035428789376558,-0.34184928789376556
0x76c78248834b2e942f533d45f896d805beddb653,2,1,6.3,0.36507936507936506,0.5,0.21199999999999997,0.4194,-0.20740000000000003
0x76de841e6bebda8869e5f7a7463e45535716aac0,1,1,0.01,1.0,0.0,-0.2733,inf,-inf
0x770e7e7765417228c5a31e923043ae105aaabf1f,2,1,0.01,1.0,0.5,-0.006249999999999978,0.7700499999999999,-0.7762999999999999
0x7729438adb6049577376a595bd30901c738a4f38,2,1,0.01,1.0,0.5,-0.005950000000000011,0.76975,-0.7757000000000001
0x774de0f7511a37f999a0f0e8c676aeaa9c2896ab,2,1,0.01,1.0,0.5,-0.0041999999999999815,0.7679999999999999,-0.7721999999999999
0x7766f66797e6e4b1746d3d97cb756900735d8f24,6,3,150.57,0.27913927077107,0.6666666666666666,0.23083333333333333,0.1190318211422662,0.11180151219106714
0x777fae71d2ff9ec48a1213d48ba1d9d91024a1bb,103,16,21229.909999999996,0.24061571622300806,0.49514563106796117,0.03643106796116505,0.04056534194978048,-0.004134273988615433
0x77815fc6494b3ef8853d4fcb5cc56f6a876bb610,2,1,1.9100000000000001,0.10994764397905762,0.5,-0.041749999999999954,0.6217499999999999,-0.6634999999999999
0x7789806c754eb0af4c3abeb026c218b4ba78f823,209,21,49419.19,0.29912044288868356,0.5167464114832536,0.010778947368421042,0.02762032234872053,-0.016841374980299487
0x77a23089b4dded35cd7051896c638109cadf6f44,2,1,0.01,1.0,0.5,-0.005950000000000011,0.76975,-0.7757000000000001
0x77a847f0c9eb1f1e7742ec492aa90a11940483b6,1,1,0.07,1.0,0.0,-0.2713,inf,-inf
0x77f2de482ab48d852d921af55f795ccb791b1720,2,1,0.01,1.0,0.5,-0.0040999999999999925,0.772,-0.7761
0x77ff9489ff72461e2c9b694c352dac4601fa0be2,1,1,1.3,1.0,1.0,0.12070000000000003,inf,-inf
0x78018968e9fe8ea65d7f3d3f822d6765ab5f9be6,2,1,2.2,0.03636363636363629,0.5,0.023599999999999954,0.6219,-0.5983
0x7807fd214932aee85521fb143d6fb5126b2a7822,8,2,100.87,0.03340933875285021,0.5,0.006249999999999992,0.11929693445947623,-0.11304693445947624
0x782186952ef2ca75ea91c95aef25bbdcffb4bb1a,2,1,45.41,0.031050429420832422,0.5,0.019450000000000023,0.37555,-0.35609999999999997
0x7868ca9af404480c36e3ec5ed85dd2707cf79130,1,1,0.02,1.0,0.0,-0.2882,inf,-inf
0x78698b35187ae67aa5467365ff6c463424f34746,2,1,2.2,0.03636363636363629,0.5,0.023599999999999954,0.6219,-0.5983
0x78979f2e33791e5cfbe65b89b97b6636f1484acb,2,1,1.9100000000000001,0.10994764397905762,0.5,-0.04144999999999999,0.62245,-0.6638999999999999
0x78bba160dfb3413b3b45abaa47ddda87b2443f8b,36,7,585.4499999999999,0.22753437526688877,0.6944444444444444,0.06807222222222221,0.07656575756774303,-0.008493535345520817
0x78f9e3e0746d3e5b9430fc3f4902a861a43325fe,1,1,0.08,1.0,0.0,-0.2729,inf,-inf
0x7908eba0081388dc4d00302d623642a38483854b,13,2,33473.979999999996,0.5630379178095942,0.38461538461538464,-0.11380769230769226,0.157810117750098,-0.2716178100577903
0x79330aa514d1f3ba7f1316daee500cfebb7c97be,2,1,0.01,1.0,0.5,-0.004349999999999965,0.76785,-0.7722
0x793cc8649dadb50572425be9dbb06f93f1dd3746,3,1,4.32,0.03703703703703707,0.3333333333333333,-0.18343333333333336,0.4148666666666668,-0.5983000000000002
0x79912e8e1f280c5f6044f6a6a94b061cabcae2b8,4,2,90.41,0.018250193562658994,0.5,-0.005975000000000008,0.2023337810607347,-0.20830878106073472
0x799fd66ad9af55a846d5b08b6009864b659c801f,4,1,0.02,1.0,0.5,-0.004274999999999973,0.44327510715694385,-0.4475501071569438
0x79a5b3c577c544da9551eb70754b2d4de3db6a63,4,2,7670.6,0.04294318566996061,0.5,-0.014499999999999985,0.40524836211883697,-0.4197483621188369
0x79aa7db9793d682ec611b5dd3fc1dbb6ba5ae7d9,1,1,0.02,1.0,0.0,-0.2733,inf,-inf
0x79b3bad569f80c3a7b1f4fbb4b531fb5a4f4887b,1,1,0.02,1.0,0.0,-0.2712,inf,-inf
0x79b89e39457aead1ceade0472c9d423d7a45c9ef,1,1,0.08,1.0,0.0,-0.2883,inf,-inf
0x7a73c47af45854d0353216fa0f4e38b545ef65fb,1,1,0.07,1.0,0.0,-0.2756,inf,-inf
0x7a81d5d0bd724ebd82979a83309eb29dc2286d56,65,12,820.53,0.9156155168001171,0.7230769230769231,0.17187538461538462,0.029007230699262497,0.14286815391612212
0x7af402e402971520617e2bc97c4a46c459c7d4e5,2,1,0.01,1.0,0.5,-0.005850000000000022,0.7698499999999999,-0.7757
0x7afd67f91926a7fc59fc068f348c634c0ae3f6a8,2,1,98.54,1.0,0.0,-0.591,0.00699999999999995,-0.5979999999999999
0x7b392a638faa31ed26701d1327a022d52d3a4cb3,1,1,0.1,1.0,0.0,-0.2859,inf,-inf
0x7b4003b2cf642c36c58b721e19a3255ae476bd65,2,1,0.01,1.0,0.5,-0.005950000000000011,0.76975,-0.7757000000000001
0x7b488bc4fedda84c58a417ff831a7751a7e4052c,2,1,0.01,1.0,0.5,-0.004100000000000048,0.7716000000000001,-0.7757000000000001
0x7b877e0b3c9b36461c7f57b03f78abd6e119faa2,1,1,0.02,1.0,0.0,-0.2729,inf,-inf
0x7ba71511c1ef68b0ace2c32603e86559cb2f439d,1,1,0.02,1.0,1.0,0.7637,inf,-inf
0x7bb26d8e0bed12bd7a292db5909704673e45f4db,8,3,939.88,0.17036217389453973,0.75,0.27941249999999995,0.1797714118356777,0.09964108816432224
0x7bc2e5ba92a8c469897bfd550961320b94b725a0,1,1,0.17,1.0,0.0,-0.2861,inf,-inf
0x7bd0344ada68bc21489f9401847519f3acdf239b,2,1,0.01,1.0,0.5,-0.0041999999999999815,0.7679999999999999,-0.7721999999999999
0x7be4b8597e44f8897c17dfba54863295f066a6c8,1,1,0.03,1.0,0.0,-0.2713,inf,-inf
0x7be63109d0e0b2c47bc7b182b16b986306518e36,5,3,246.39,0.8913105239660701,0.8,-0.01906000000000001,0.19168116391549794,-0.21074116391549796
0x7c0bd506a69212cee890d62566c255773f176a4e,1,1,0.02,1.0,0.0,-0.2713,inf,-inf
0x7c2d0e675450ed703a1863b83e767634f5f00daa,1,1,0.04,1.0,0.0,-0.2861,inf,-inf
0x7c3e4d33e1114f328db354db4616b7409b664505,9,6,4865.08,0.982919088689189,0.3333333333333333,-0.11634444444444443,0.1326869772048225,-0.24903142164926695
0x7c463848e41630f6caf08ca0219b669efa674b73,1,1,0.1,1.0,0.0,-0.2729,inf,-inf
0x7c4a409412830a9aeb57b25e15257fb08c369f21,2,1,0.01,1.0,0.5,-0.02529999999999999,0.7890999999999999,-0.8143999999999999
0x7c6356326657bce540dc78fcf77c6a12bd4d378c,1,1,0.1,1.0,1.0,0.5062,inf,-inf
0x7ca7e3cba05595a65039fee7e90497a67300cc9a,1,1,0.02,1.0,0.0,-0.2882,inf,-inf
0x7d01302bd7dda5e353f09dd316aa302d4507e815,2,1,0.01,1.0,0.5,-0.006199999999999983,0.77,-0.7762
0x7d03cdd12ed6ee72f69a4c5e42f897f0b6ad2208,1,1,0.01,1.0,0.0,-0.2713,inf,-inf
0x7d06d5a06452475a0aa1fc3e0aacfdf0469b1219,1,1,0.1,1.0,0.0,-0.2654,inf,-inf
0x7d3703deae98881c7e3c957bc1caa39a64516a7c,2,1,1.9100000000000001,0.10994764397905762,0.5,-0.04194999999999993,0.6219499999999999,-0.6638999999999998
0x7d62ab2311c41f4299d48622025823b8c40d6d26,2,1,0.01,1.0,0.5,-0.004349999999999965,0.76785,-0.7722
0x7d676a88085f3652b2e2e299cbcb529df6b3102c,763,26,31688.15,0.1156246104616395,0.5307994757536042,0.010546788990825687,0.015641152765409613,-0.005094363774583926
0x7d7033c82a93b18e6d6f45b25e475a624016c80b,2,1,0.01,1.0,0.5,-0.006249999999999978,0.7700499999999999,-0.7762999999999999
0x7d8a4b5d86c57c96c8d04899642dcf1a8783e836,1,1,0.1,1.0,0.0,-0.2728,inf,-inf
0x7dbdfcb8ab9d17e8816afab8869ad06979d4bce9,4,2,87.05,1.0,0.5,0.14150000000000001,0.3036898225712105,-0.1621898225712105
0x7dc598b551af57cebec5b5ece2fd0b6578353688,2,1,0.01,1.0,0.5,-0.004349999999999965,0.76785,-0.7722
0x7e1856d4415d95376adc2ac8e03dd7b7efac9e21,2,1,183.29999999999998,0.5188216039279869,0.5,-0.22385,0.43144999999999994,-0.6553
0x7e3dcd1b1d6b46b28b22678acf111d935fec5167,1,1,0.03,1.0,0.0,-0.2728,inf,-inf
0x7e6628bca6d491a54de0359557b51935230e2a9a,2,1,0.01,1.0,0.5,-0.0041999999999999815,0.7679999999999999,-0.7721999999999999
0x7e66a1f2ac9bd4c87ce52c87a16a6bdf36a40bf6,1,1,0.04,1.0,0.0,-0.2797,inf,-inf
0x7e6fd2b1cc860cacd47a541b39375241a76eca8c,1,1,0.36,1.0,0.0,-0.1827,inf,-inf
0x7e7d59730fe2800353ea77fd0171c93278c9722a,1,1,50.0,1.0,0.0,-0.5775,inf,-inf
0x7e9fb4700f18850b403ce20854fb08038e0e1439,2,1,0.01,1.0,0.5,-0.0041999999999999815,0.7679999999999999,-0.7721999999999999
0x7ec8375599843f430bfe716d071b61691bba77e5,1,1,0.1,1.0,0.0,-0.2728,inf,-inf
0x7ef586cbf853f7718704681a131b02523658c63e,1,1,0.11,1.0,0.0,-0.2861,inf,-inf
0x7f0119cceaa265b4f5bc5b670f5b0bdf2b7a408c,1,1,0.02,1.0,0.0,-0.2728,inf,-inf
0x7f067dea080c2223f3d64efb21cf0d9e0d24a0e8,1,1,0.07,1.0,0.0,-0.2756,inf,-inf
0x7f2de588e3d990d66fef63bf2378dacc87a139a8,21,6,7416.0,1.0,0.19047619047619047,-0.3967142857142857,0.07405551980511274,-0.4707698055193984
0x7f46bc266ae7a8e19b9aa590295a9e989397c0f1,1,1,0.02,1.0,0.0,-0.2713,inf,-inf
0x7f5b58b44ddb9f07b6f932b9d8d0c517e2fbdeda,1,1,0.1,1.0,0.0,-0.2859,inf,-inf
0x7f5fa43e25892c9db5f94dd48e8efad3745b3eb4,2,1,0.04,1.0,0.0,-0.2882,0.0,-0.2882
0x7f60f10a1388dd16c9616de4491952fed44199ce,17,7,82.77999999999999,0.41338487557381015,0.35294117647058826,-0.0956529411764706,0.10133813524882597,-0.19699107642529656
0x7faa786eb768685e49046cf078bd9238b1c9f38c,6,2,7133.58,0.5797341587253525,0.16666666666666666,0.003066666666666662,0.1348612587480597,-0.13179459208139305
0x801125d62816d319421e6006bf8aad1e753b70c9,6,2,2678.82,0.30654541925176004,0.6666666666666666,0.039900000000000026,0.1928799350200361,-0.15297993502003607
0x8016502332a54f42608d7e12549dbc82328a9894,159,31,943.6700000000001,0.6325622304407261,0.9371069182389937,0.09492704402515724,0.011418553574060773,0.08350849045109647
0x802e34994fd5049103d1d60a195cea728cba185b,2,1,0.01,1.0,0.5,-0.0041500000000000425,0.77155,-0.7757000000000001
0x802ea3b717aeba3f8844158cce8805ca0ae3a9a9,1,1,0.1,1.0,0.0,-0.2728,inf,-inf
0x80b02401998c7e7c556ac269dd73460e702918c7,1,1,0.2,1.0,0.0,-0.2857,inf,-inf
0x80d7849e22b1b94ea4f86601a39893dadb33054d,2,1,0.01,1.0,0.5,-0.005950000000000011,0.76975,-0.7757000000000001
0x80f3360bbc0e6901a1f0ba0cc774ad54c3d91827,1,1,0.4,1.0,1.0,0.7251000000000001,inf,-inf
0x80f4884252adb5c161625cfc79de5e978221e136,1,1,0.03,1.0,0.0,-0.2733,inf,-inf
0x812bf437e3316785f428efb287bd11dadcd2fc3e,2,1,44.099999999999994,0.21405895691609983,0.5,0.0017500000000000016,0.07185,-0.0701
0x814e5e990b0c846b7594e7269532c61d41152100,1,1,0.1,1.0,0.0,-0.2728,inf,-inf
0x81535bed315c1a9367432ec6dc0e2fae996d30cf,1,1,0.08,1.0,0.0,-0.2729,inf,-inf
0x8163d0db3d76e95dfb02f53cded8d3e3a76962d7,1,1,0.08,1.0,0.0,-0.2883,inf,-inf
0x81c93c7b5959d11dd4a449c34a0a292a5150897c,1,1,0.3,1.0,0.0,-0.2861,inf,-inf
0x820d5e19c41221c9ff15cc766dfbbb1e8ad07729,1,1,0.08,1.0,0.0,-0.2729,inf,-inf
0x8219f4d94f2d5834f52a75c8756bbc43d501f1fa,3,1,365.52,0.17925147734734082,0.3333333333333333,-0.07756666666666667,0.33563335319627846,-0.41320001986294513
0x82279884c86011a5c74089fdd9796011e5ad3344,2,1,0.01,1.0,0.5,-0.005950000000000011,0.76975,-0.7757000000000001
0x8237dd67387be3d8d5e08422f534de9e8f04d6b7,1,1,0.07,1.0,0.0,-0.2728,inf,-inf
0x823a70152c2037c92883c70f83c2b095f45a2406,2,1,1.9100000000000001,0.10994764397905762,0.5,-0.041749999999999954,0.6217499999999999,-0.6634999999999999
0x824538ffea7a9a234b79ca399068c892ae902434,1,1,0.8,1.0,1.0,0.6247,inf,-inf
0x8247f6d658b0afe22414a12e9f6c57058a9dd8cc,1,1,2.0,1.0,0.0,-0.0192,inf,-inf
0x824ef23d8096457a08c5d7a2eaabfb2e477d20af,1,1,0.02,1.0,0.0,-0.2728,inf,-inf
0x82909c8b479413441c4e85328dad5ffd87e62882,2,1,0.56,1.0,1.0,0.7264499999999999,4.9999999999994487e-05,0.7263999999999999
0x829c65e561017990e9b28b405933ab07bd9893fd,1,1,0.07,1.0,0.0,-0.2756,inf,-inf
0x82bc01d56edaf5bae4ebb291bdca5d41fa88eac7,1,1,2.0,1.0,0.0,-0.6422,inf,-inf
0x82bc5e9db83d95da549a0aa9ca564a89e47f9d69,1,1,0.04,1.0,0.0,-0.2713,inf,-inf
0x82d7cae051b6d8055d283e41d4424578d529a7bd,2,1,109.5,0.021004566210045636,0.5,0.002250000000000023,0.10625,-0.10399999999999998
0x82eb12efcc3a2a8a1a0e887c1f409fad41f39e3f,2,1,0.01,1.0,0.5,-0.006249999999999978,0.7700499999999999,-0.7762999999999999
0x82f976ec7b038e8bc3532410b193b0bd33d93902,1,1,0.1,1.0,0.0,-0.2857,inf,-inf
0x830264fc4e9f6389062d28d45fc325712b313feb,13,5,2151.96,0.1559508541050949,0.6153846153846154,0.014769230769230774,0.09048983891435304,-0.07572060814512227
0x831e58b5fc398b59137566305c538662c7a2223b,2,1,0.01,1.0,0.5,-0.004349999999999965,0.76785,-0.7722
0x83295f80cc44123dfe992cc4462173afe061bc95,1,1,0.0,0.0,0.0,-0.2729,inf,-inf
0x8330e0bd8e4666873d662db7de675cb0d93f5700,23,6,2941.0899999999997,0.02217205185832462,0.5217391304347826,0.036369565217391306,0.0368312487807609,-0.0004616835633695915
0x833fb64dadf3fbfc1c29e458e18588f159aff7b7,1,1,0.08,1.0,0.0,-0.2883,inf,-inf
0x834b927e4d1d643dd5504312465d72d7bfcfe69f,5,5,100.0,1.0,0.2,-0.40149999999999997,0.1751799788788662,-0.5766799788788661
0x8350a502fff47041f3ea1cc08edadb5cb3701439,6,2,272.62,0.08121194336439001,0.5,0.09158333333333334,0.1384606043047785,-0.04687727097144516
0x837e8bdb846db544134173d2cd4a3a82ac248878,1,1,0.02,1.0,0.0,-0.2729,inf,-inf
0x838d8bee676281e3a4956612b6dd08863ad390d0,1,1,1500.0,1.0,1.0,0.13380000000000003,inf,-inf
0x83976b286f27f15549b15dbcd513f6d46e1a4436,2,1,0.01,1.0,0.5,-0.0041999999999999815,0.7679999999999999,-0.7721999999999999
0x839cf6878fb1716ff77727108eaa33eb337d958a,1,1,0.01,1.0,0.0,-0.2756,inf,-inf
0x83a2cc2abfa9911cbbdcf3d21d29c087edf306bf,1,1,0.1,1.0,0.0,-0.2859,inf,-inf
0x83d6cc77d9d80dc9786e657a11d48fa5137aa094,2,1,0.01,1.0,0.5,-0.02529999999999999,0.7890999999999999,-0.8143999999999999
0x83dfa88d9d4ed01ebd404044c4e3b76b24d7b8b2,1,1,0.05,1.0,0.0,-0.2859,inf,-inf
0x83e27aa7ead337f65f4deb43ba8a7643f6b6817f,2,1,0.01,1.0,0.5,-0.005950000000000011,0.76975,-0.7757000000000001
0x843d71092fe2f59c4f9a83ec923dbdeb790907aa,1,1,0.04,1.0,0.0,-0.2728,inf,-inf
0x843dcc831223bc3b6a6e79aa6ade30beb946c010,1,1,0.1,1.0,0.0,-0.2859,inf,-inf
0x84594918c0fc3ae7fb971100b1dce00384a10333,2,1,2501.23,0.9990164838899261,0.5,-0.2867,0.2869999999999999,-0.5736999999999999
0x84609e338900a2be20314ad1788fc5e643bda989,3,1,0.03,0.33333333333333337,0.6666666666666666,0.25160000000000005,0.5119,-0.2603
0x84a7fa08035850ceeefbcc2aaceee045c7031cf6,1,1,0.08,1.0,0.0,-0.2713,inf,-inf
0x84d34a7181360bdf6a3fdd0e3717115d9c6836b5,1,1,0.05,1.0,1.0,0.6255,inf,-inf
0x84df954f56567f46634a97daf48e2cf09d6287c2,1,1,0.04,1.0,0.0,-0.6925,inf,-inf
0x84f9909ef2b934cdfdff74fb965c8e4e6ec60285,5,5,315.06,1.0,0.4,-0.1568,0.1573232722771809,-0.3141232722771809
0x850451a1cf55d69894a963b17f634b2a3d6a029a,1,1,0.08,1.0,0.0,-0.2728,inf,-inf
0x855a4e62f291dfba4cdb38cfdf8c3ef64b130115,2,1,1893.0,0.5847860538827259,0.5,-0.0058,0.20039999999999997,-0.20619999999999997
0x855a9b786e5ac2ca4c672cd86618515534ff177c,4,3,2546.62,0.8638901759979896,0.5,-0.19010000000000002,0.19300734441984324,-0.3831073444198433
0x856f95bfdbb9b1401cfe56274c9a08df1e8ae1d7,6,2,243.09,0.645481097535892,0.3333333333333333,-0.026816666666666673,0.020728264385723293,-0.047544931052389966
0x858f67917b8d819d571f99db7d79eb858394334d,2,1,0.01,1.0,0.5,-0.0041500000000000425,0.77155,-0.7757000000000001
0x859e3e5ee60ff49a928cc3786851ecfa39dedf37,2,1,2037.1000000000001,1.0,0.0,-0.648,0.020600000000000063,-0.6686000000000001
0x85db41f3d629e982aa61861971c66b315083200e,1,1,0.02,1.0,0.0,-0.2857,inf,-inf
0x8618e331580dfa266277e6059ad5edceed6f4677,1,1,0.17,1.0,0.0,-0.2861,inf,-inf
0x862662e5e2e298cfd6c27879a08a9f3e9cdf7eed,2,1,0.01,1.0,0.5,-0.0041999999999999815,0.7679999999999999,-0.7721999999999999
0x862d5e9b7a2ffa595006661704704fac5eaf73a2,1,1,0.5,1.0,0.0,-0.2857,inf,-inf
0x8644263fc36829fbbb80580345186ab342211e81,20,2,584.3299999999999,0.7005801516266497,0.25,-0.14798,0.04131098528555278,-0.18929098528555277
0x865e294d39b1f633e8a09ae302855706b12772b1,2,1,0.01,1.0,0.5,-0.006249999999999978,0.7700499999999999,-0.7762999999999999
0x866974310557267d37b82702a743a442de6634a1,1,1,0.1,1.0,0.0,-0.2797,inf,-inf
0x866a3a342d5beb5cd6e6e1ed64e99930aab5016c,1,1,0.08,1.0,0.0,-0.2724,inf,-inf
0x869710d13de16712c48b109c6703b0e1eb865336,1,1,0.08,1.0,0.0,-0.2883,inf,-inf
0x86aeeab0b790827ef7005d1fa1db5b501f7ed518,2,1,0.04,1.0,0.0,-0.2883,9.999999999998897e-05,-0.2884
0x86bf3c3e9c6a475787616d03122c8168cdf9cd49,9,4,91.77000000000001,0.4178925574806581,0.5555555555555556,0.04856666666666666,0.11504848374103464,-0.06648181707436798
0x86c63827bd43ed57e812559cba862a47c734c882,2,1,0.01,1.0,0.5,-0.005850000000000022,0.7698499999999999,-0.7757
0x86eba9ee047facc524b0d7501fae3ebdba7c760d,2,1,0.01,1.0,0.5,-0.004349999999999965,0.76785,-0.7722
0x86edd306e0a1e42ee78b526c753bbc3fed0d91c3,1,1,0.0,0.0,0.0,-0.2885,inf,-inf
0x8714dd2ad68c868e060b450c566f23a1bac06e2c,2,1,0.01,1.0,0.5,-0.006249999999999978,0.7700499999999999,-0.7762999999999999
0x8724caf451dc97dfe053092fee1414c50f2cf0c2,3,1,0.03,0.33333333333333337,0.6666666666666666,0.2519,0.5138009374585972,-0.2619009374585972
0x872c61ee7069d7d809fa7020add46914315feab4,5,1,46366.89,0.035221469458055106,0.6,0.09774000000000002,0.3230460595642671,-0.22530605956426705
0x874f787b689809318b665ce441fd1911a8501bc4,1,1,0.04,1.0,0.0,-0.2729,inf,-inf
0x8756936e814c71b476ebc403e0ba0abdbe7282d7,1,1,25.0,1.0,1.0,0.22440000000000004,inf,-inf
0x8757a2c7ada77b0ae0793efbabe1f0d5a5360e89,1,1,0.16,1.0,0.0,-0.7756,inf,-inf
0x87c17c613162a69a87b296fe9aa99347feb001a5,1,1,0.01,1.0,0.0,-0.2712,inf,-inf
0x87cc796d81ee47df347bae547a518eabeea71d23,2,1,0.01,1.0,0.5,-0.006149999999999989,0.76995,-0.7761
0x87d76c7de54354ced31b6283e2057c195f0607d5,1,1,0.17,1.0,0.0,-0.2861,inf,-inf
0x87e0c7cd68329d1e47c885a07d8bd08ef081ee7e,1,1,0.0,0.0,0.0,-0.2728,inf,-inf
0x87eb9e8e626796fe7cc43301c6579fe678f6fd01,1,1,0.01,1.0,0.0,-0.2733,inf,-inf
0x885849355788fec86425d0c8d362eb62b4cd456f,3,2,600.0,1.0,0.3333333333333333,-0.3037,0.3826117135338819,-0.6863117135338819
0x885a2f9bbb51d88f7b9188ac1c5d3b7c3c781d53,2,1,0.01,1.0,1.0,0.33220000000000005,0.0,0.33220000000000005
0x886459d33420d5d9b1abd285b2277efa456be7a5,2,1,123.26,0.18870679863702747,0.5,0.14764999999999995,0.21775,-0.07010000000000005
0x889f40d2898c91a18da4b51bd3082c2873122efc,1,1,0.17,1.0,0.0,-0.2861,inf,-inf
0x88f69b3031c9942f8fc6d1b58421750ce0c81e41,1,1,0.1,1.0,0.0,-0.2712,inf,-inf
0x89034678b30cf7e8fc4f37d4e77d563646f5a79a,1,1,0.02,1.0,0.0,-0.2728,inf,-inf
0x8910b17f4f1b1eda488011c8f3b83d2dea3375ce,1,1,100.0,1.0,0.0,-0.5993,inf,-inf
0x8921e20945831a3be50e2be0649040e2ce7b7e1a,3,2,5.51,0.3575317604355717,0.6666666666666666,0.19866666666666666,0.18253043886188167,0.01613622780478499
0x89392609c46c1f2da00ed1c4f0f01a1bb06a4a3b,175,8,10271.02,0.28626562892487795,0.5657142857142857,0.11571142857142856,0.03015738286259728,0.08555404570883128
0x894216129b982633eb0cb0d553f66621ae21919f,1,1,0.04,1.0,0.0,-0.2712,inf,-inf
0x896ec1e93fa3ebaf96d77561c08cb65be41220d3,8,1,1352.63,1.0,1.0,0.013450000000000004,0.0008097618697581899,0.012640238130241814
0x899d495a5e1ca2c1b415b8a2c87edb026f7607c8,1,1,3.01,1.0,1.0,0.06520000000000004,inf,-inf
0x89b6904cdf620b41874da07697a5ccdb0de75f70,1,1,0.02,1.0,0.0,-0.2882,inf,-inf
0x89b8918707e7048ba702322503471a6a75e06ea7,1,1,0.08,1.0,0.0,-0.2861,inf,-inf
0x89c156db31073c6fbf2f9fc3d3ba899e97e142c6,1,1,0.02,1.0,0.0,-0.2712,inf,-inf
0x89d399745faef8af79abef3b0438952d2eb44c71,1,1,0.07,1.0,0.0,-0.2756,inf,-inf
0x89fe49c915a614c29ff0bdf4b0755ac3ad7acb33,1,1,0.02,1.0,0.0,-0.2712,inf,-inf
0x8a08c751d7dd101074e951d10795759b66011029,1,1,0.0,0.0,0.0,-0.2729,inf,-inf
0x8a1459f560632effaf52c01c516713b4d5e1ce63,1,1,0.02,1.0,0.0,-0.2642,inf,-inf
0x8a4c788f043023b8b28a762216d037e9f148532b,184,13,99546.43,0.46351586892669083,0.34782608695652173,-0.14718641304347826,0.034917095357875225,-0.18210350840135348
0x8a61b96c7d13ddc2a4425acc5c4e4520c737efb2,1,1,0.07,1.0,0.0,-0.2713,inf,-inf
0x8a917cfb73af0d90e39d4be70f0b2e6cd8470673,2,1,0.01,1.0,0.5,-0.006249999999999978,0.7700499999999999,-0.7762999999999999
0x8a9437ae5a7dc85f443921b8f87cb1b2967b69e0,2,1,177.74,1.0,0.0,-0.03145,0.0055499999999999985,-0.037
0x8ad5a4a650183f9d214a09852eab0a100b93da26,1,1,1.0,1.0,1.0,0.4345,inf,-inf
0x8ade684fbfc1437510285482490f1fccc3dfa32a,2,1,0.04,1.0,0.0,-0.2882,0.0,-0.2882
0x8b0085817267d9930b0ddaaf690751e16d83ba4e,2,1,0.01,1.0,0.5,-0.0041999999999999815,0.7679999999999999,-0.7721999999999999
0x8b0ef900d2443a3bd174ab60923b7af727921c31,1,1,0.1,1.0,0.0,-0.2728,inf,-inf
0x8b2caabd6050267b7a63c0f9f2087cd8db99f507,2,1,0.01,1.0,0.5,-0.004349999999999965,0.76785,-0.7722
0x8b3443b73cd37c00c9a03f33227015c7f6975008,19,6,246.61999999999995,0.3580407104046712,0.5263157894736842,0.03918421052631579,0.05609909739772684,-0.01691488687141105
0x8b88eda81c0a167ccdaee6fdeba997886196d297,2,1,452.91999999999996,0.03537048485383735,0.5,0.032399999999999984,0.08489999999999998,-0.05249999999999999
0x8baaa3846864cf446e9f613de13782285d396626,1,1,0.03,1.0,0.0,-0.5855,inf,-inf
0x8beb27cf66b0ffbcc2066a94cc917f9a48e5e795,2,1,0.01,1.0,0.5,-0.005950000000000011,0.76975,-0.7757000000000001
0x8bf66248c01f2d5e9df9b2662cdefb62de8c0731,2,1,0.01,1.0,0.5,-0.004349999999999965,0.76785,-0.7722
0x8c2fa256c8690a6651d4db04ee7c1d08031564fa,6,5,154.98000000000002,1.0,1.0,0.00019999999999999649,0.0001000000000000075,9.999999999998899e-05
0x8c31151a3f5d23c09dc060cbf5fd12f82a5896b4,1,1,0.04,1.0,0.0,-0.2881,inf,-inf
0x8c3f0c692617fc9aed9ce5978fed62649be4765e,1,1,1999.0,1.0,0.0,-0.6344,inf,-inf
0x8c59c8a2f9f7c24222f161cf4878eec9576537bc,1,1,0.08,1.0,0.0,-0.2729,inf,-inf
0x8c681c2763a0d001b2941d7d92a3bd7755f5cfd9,1,1,250.0,1.0,0.0,-0.4601,inf,-inf
0x8c7b9f93290a74366e2b06469442d7524e466a1f,1,1,0.01,1.0,0.0,-0.2729,inf,-inf
0x8c915d3c76617e79dceb3fc7865527593ec23c93,1,1,0.5,1.0,0.0,-0.6514,inf,-inf
0x8cc7dec37580125171be310fc40bb03c760b1861,1,1,50.0,1.0,0.0,-0.1028,inf,-inf
0x8ce2dd1047e55071a98198606ca5fecca798a283,1,1,0.02,1.0,0.0,-0.2797,inf,-inf
0x8ce3a274751661189333620fb3b94350579771a4,1,1,0.07,1.0,0.0,-0.2756,inf,-inf
0x8d0328e8aeaa03bb13796c0eb31210f7f216fabf,2,1,3298.42,0.2117316775910891,0.5,-0.07095000000000001,0.6649499999999999,-0.7359
0x8d04a66908dc3909ce9d5c9ee275e3a3a4a2c151,1,1,0.1,1.0,0.0,-0.2729,inf,-inf
0x8d14b5db7359eac24120cda4cd7405f5722231e5,2,1,59.57,0.5299647473560517,0.5,0.3351,0.36769999999999997,-0.03259999999999996
0x8d18c347ed68d2ffa64d8f007718e9321acabf73,2,1,1.9900000000000002,0.06532663316582914,0.5,-0.024400000000000033,0.6357999999999998,-0.6601999999999999
0x8d2e562c5c4e45fbbb8f9a282399df12629ef826,1,1,0.68,1.0,0.0,-0.1733,inf,-inf
0x8d47300cf1a4273f5ceab3467a21e66b9bdac2c0,1,1,10.0,1.0,0.0,-0.1643,inf,-inf
0x8d6dfa2ea6cef4376e2ed4173292dad455ef8758,1,1,0.2,1.0,1.0,0.5801000000000001,inf,-inf
0x8d70aba1407e614e9afae24e27283665abd82399,2,1,0.01,1.0,0.5,-0.0042999999999999705,0.7681,-0.7724
0x8da73c7bb3ab77526cd4ef161228ea8c72572e74,1,1,100.0,1.0,0.0,-0.6599,inf,-inf
0x8dc3a1a685603249ac62002469713595f9133d60,1,1,0.2,1.0,0.0,-0.2861,inf,-inf
0x8e0c0cf249e305cc0af57092304402a3b04e850b,1,1,0.08,1.0,0.0,-0.2729,inf,-inf
0x8e0c63db1b0642e2fec3e02855a200554fce842f,1,1,0.02,1.0,0.0,-0.2883,inf,-inf
0x8e1ee03991014921d6d01fbe2bd7aaeb6bc34bbb,2,1,0.01,1.0,0.5,-0.0040999999999999925,0.772,-0.7761
0x8e3f51dada89918add6e3500bde5e437d4beb7b0,2,1,0.5,1.0,1.0,0.3797,0.059700000000000024,0.31999999999999995
0x8e67838a54bd8a0b0ed6496642e05914865bb83f,2,1,0.16,1.0,0.0,-0.2729,0.0,-0.2729
0x8e764938035a46bd150eef4b33ba003061e5c3f7,1,1,10.0,1.0,1.0,0.24119999999999997,inf,-inf
0x8e93c65325f68b0ca49987f69a0c029693090e68,1,1,0.03,1.0,0.0,-0.2713,inf,-inf
0x8f23aead02f055b69c7f7db51a2d74187bb2c7d0,225,9,14530.68,0.6099824646885073,0.05333333333333334,-0.19709155555555555,0.010024867071473091,-0.20711642262702865
0x8f5cc2be83be8b3c37cf297aa7b649408f592c78,1,1,0.04,1.0,0.0,-0.2857,inf,-inf
0x8f73afef8966277ae4c02429363628c9f6560a44,2,1,0.01,1.0,0.5,-0.0041999999999999815,0.7679999999999999,-0.7721999999999999
0x8f9a4d26c7f1ff2f50d7709a02f59e1c656c2b68,26,12,297.88,0.6285081240768094,0.6153846153846154,0.06693846153846153,0.09465226074376315,-0.02771379920530162
0x8fce8c693c2139be928f7e852fec870810299af5,1,1,0.01,1.0,0.0,-0.2729,inf,-inf
0x8ff7b2934d883020047be42f2578fd3fe28304a3,1,1,0.02,1.0,0.0,-0.2733,inf,-inf
0x903221b1098263779ae19486028c844e8c338717,27,1,9438.46,0.04645461229904022,0.48148148148148145,0.003003703703703712,0.02715660527935363,-0.024152901575649918
0x903355ee0054e6b7c283b71fb4cacfdcee7bfb7c,1,1,0.12,1.0,0.0,-0.2857,inf,-inf
0x9035b664e28ecf0188c8c672326056dc1dfc3461,27,12,873.33,0.9099309539349386,0.1111111111111111,-0.3172481481481481,0.045486878409250725,-0.36273502655739887
0x906f80a3d6a7f60295d59a8354e1451f538515ba,1,1,0.2,1.0,0.0,-0.2857,inf,-inf
0x907a3812c0a0b31d13f22cccd1576ee14ecd1083,1,1,0.02,1.0,0.0,-0.2713,inf,-inf
0x90e967feaeadf7573eb0f3b999ee2d9ed6711eac,3,1,0.03,0.33333333333333337,0.6666666666666666,0.25160000000000005,0.5119,-0.2603
0x9112c1bd6ec15e24dbb5ce3f95492edc3cf12f0b,9,2,921.5,0.2707107976125882,0.6666666666666666,-0.027133333333333325,0.1014987109934571,-0.12863204432679043
0x91411134dd4f6e35a45638c93f5104617aa7323b,1,1,0.02,1.0,0.0,-0.2733,inf,-inf
0x91794c98349218cf8f2a2316346d355fab8ac8e5,1,1,0.01,1.0,0.0,-0.2756,inf,-inf
0x919738d57a9352cb04736e1e8e8f2d950627a462,2,1,4.51,0.6363636363636365,0.5,-0.2534,0.3974,-0.6508
0x91a2cc1cd59abbe0f70d97cf5b6d706591e0ee5f,4,1,1292.64,0.22638940462928586,0.25,0.046424999999999966,0.2280844703722724,-0.18165947037227242
0x91a79f386f3c1a646a32354bc40cfef5869bb109,4,1,0.02,1.0,0.5,-0.004274999999999973,0.44327510715694385,-0.4475501071569438
0x91ed03fe19a2543fc3207b1e52a125a300b7bd03,3,2,15.71,0.3634627625716104,0.3333333333333333,-0.1158333333333333,0.19288070867190887,-0.30871404200524216
0x92184567c8c181a625425c25dd38e5f895545fb5,2,1,2.0100000000000002,0.0746268656716418,0.5,-0.02645000000000003,0.6378499999999999,-0.6642999999999999
0x9219db6313b3ebec4bb2b8897ea387727fd69183,3,1,211.29999999999998,0.22309512541410315,0.6666666666666666,0.011466666666666661,0.13195254618401436,-0.1204858795173477
0x9225d26d17a5d0aebe160d6bfcfc7ac96b83ba7f,2,2,0.04,1.0,0.5,0.02200000000000002,0.31020000000000003,-0.2882
0x923ed06d3c188904e00d81bf6eefc1a19d560e19,2,1,0.01,1.0,0.5,-0.006299999999999972,0.7701,-0.7764
0x924f1c94e5a5029476610c0b7356cb7d1c3b0def,1,1,25.0,1.0,0.0,-0.6858,inf,-inf
0x9274c81a4d8ac883c85c8ec3f900b62eb54cd0a8,1,1,0.02,1.0,0.0,-0.2713,inf,-inf
0x9282644f812699ef9257c9d91dbfaeaf96823cb7,1,1,0.01,1.0,0.0,-0.2729,inf,-inf
0x928b1e9dbfe338210368087815c9619682854183,2,1,18.78,0.1480298189563365,0.5,0.05854999999999999,0.3953499999999999,-0.33679999999999993
0x92c2abc220955a6da3a84561e2db2e19de446f3b,1,1,5.0,1.0,1.0,0.46609999999999996,inf,-inf
0x92c3bddb49d5e2890a9bc030696d5be500fd11b0,1,1,0.08,1.0,0.0,-0.2713,inf,-inf
0x92dfc772493c72b8e14895b10e65008fb0bf2e71,1,1,0.03,1.0,0.0,-0.2865,inf,-inf
0x93256c3b0a1144e336a72e5cd3d658d1461b992f,1,1,0.2,1.0,0.0,-0.2857,inf,-inf
0x938aa940d583d9011ab180f1c9304c18bea13a6e,1,1,0.15,1.0,0.0,-0.156,inf,-inf
0x93b8ba54aa41df25513d76aa7fb640080f68ef52,1,1,0.02,1.0,0.0,-0.2712,inf,-inf
0x93bed652e23987afca873bf8897070452d82b489,3,1,0.03,0.33333333333333337,0.6666666666666666,0.25160000000000005,0.5119,-0.2603
0x93ea3d7dbfe7ad1f2e8905fc6365462dcee3a0c6,89,14,2387.84,0.29942542213883677,0.6966292134831461,0.06956404494382022,0.02605799139112837,0.043506053552691853
0x93f8e122b8ea9539e49ee68125c6f7f4e22f7dc0,3,1,2861.42,0.4405435063709626,0.6666666666666666,0.40596666666666664,0.21208377537609469,0.19388289129057196
0x9401b4a7d7750ca049446fae5822964c424de9ff,1,1,2428.0,1.0,1.0,0.5985,inf,-inf
0x940dfaf6fc332116c0f5484925b1febcebe63bb7,3,3,594.0899999999999,1.0,1.0,0.422,0.14958289786380438,0.27241710213619563
0x941cec0d449aeca34c64814fa763e2817741149a,1,1,5.25,1.0,1.0,0.4244,inf,-inf
0x94644950c9210db2a2483bd0f32985eb4fecebfc,1,1,0.08,1.0,0.0,-0.2724,inf,-inf
0x9482c496839883518fe3a328f835523196e71c95,1,1,0.02,1.0,0.0,-0.2882,inf,-inf
0x949123e085f2793c4e45e2bb7826cfb387f685d0,2,1,0.01,1.0,0.5,-0.004349999999999965,0.76785,-0.7722
0x94d154d61f6cd3c999924cdde9dfd0ab29f2c5b0,12,6,12.51,0.040767386091127115,0.5,0.021316666666666668,0.14215485358928096,-0.12083818692261429
0x94d1b4bce2461d32d993d1f01fda3588628cf277,2,1,0.01,1.0,0.5,-0.005850000000000022,0.7698499999999999,-0.7757
0x94fb81a930a0730d2ec1fedd4fb7b67ac3ab0b95,2,1,2.2,0.03636363636363629,0.5,0.023749999999999993,0.62205,-0.5983
0x95060d8644127a5f06f158102f21e87b18271cd8,7,4,1278.6100000000001,1.0,0.14285714285714285,-0.02461428571428572,0.13861442828180318,-0.1632287139960889
0x9529c9baffb5e971d54a7cb1fb2c8be0a78f6c6a,1,1,0.02,1.0,0.0,-0.2882,inf,-inf
0x95ab98429c6066d5d3845c51e4c60a80ab604ecb,76,10,15128.98,0.9167333157952486,0.631578947368421,-0.160603947368421,0.05298348426684867,-0.2135874316352697
0x95be85f00fd91f86eedbf8ee16ed755a9810c40d,1,1,0.12,1.0,0.0,-0.2859,inf,-inf
0x95c66fd397f11e8c4ab9107b3669c22acff78014,1,1,0.01,1.0,0.0,-0.2729,inf,-inf
0x95cc0f7e4e54a34bdad529b8085be19edfa2d114,1,1,33.61,1.0,0.0,-0.7624,inf,-inf
0x95dcd0bd6a9a67ded4bcd8c0df74f3a0f5d8ce69,1,1,0.27,1.0,1.0,0.7252000000000001,inf,-inf
0x961cec8386f2c866503cde5a472f66472ffd56c1,1,1,0.03,1.0,0.0,-0.2713,inf,-inf
0x963d5cabe9e122682d039ddf2df7a3c3a89c420a,2,1,0.01,1.0,0.5,-0.0041500000000000425,0.77155,-0.7757000000000001
0x965f3929b8c1a08b99213ee829ea661d986167ec,1,1,0.04,1.0,0.0,-0.2756,inf,-inf
0x96a9387d9966b1274889800c3de1047f0cb901f2,1,1,185.0,1.0,0.0,-0.5554,inf,-inf
0x96ac6fa22b3ef8d404eafbb7ff02cb9b5e5091e4,2,1,117.86,0.018157135584591894,0.5,-0.009050000000000002,0.50225,-0.5113
0x96c5f4ab735636be7f5c5fcbdaf7c9357ac600d4,1,1,0.08,1.0,0.0,-0.2713,inf,-inf
0x96cf183501f53e7a957498825081414a82ee1670,2,1,50.0,1.0,0.0,-0.15345,0.08904999999999999,-0.2425
0x973ace5d0566292b3f92011a415e5583b5520cf8,1,1,158.33,1.0,1.0,0.654,inf,-inf
0x9744ba7ef20ceb0a45dfe82d05fb7e4258d71010,1,1,0.0,0.0,1.0,0.3275,inf,-inf
0x979c9d1df12d04f62582861871be1e75f4399ca8,1,1,15.0,1.0,1.0,0.3285,inf,-inf
0x97bf2ddbe10e79de8c4d4d575d3a581fc5d64234,7,2,551.72,0.881316609874574,0.5714285714285714,-0.07965714285714286,0.12308500906195811,-0.20274215191910097
0x97da590fa8de34b1442b6f6a388d8f27b81ba236,2,1,0.01,1.0,0.5,-0.005950000000000011,0.76975,-0.7757000000000001
0x97e29a481cd76add33c2f14a769a45796c12ff39,1,1,5000.0,1.0,1.0,0.6401,inf,-inf
0x97ec1dd80c65afa22af28b01dbc1b115949dd1a4,1,1,0.08,1.0,0.0,-0.2729,inf,-inf
0x9801fd98883dd44edd43ceca4eb56a42889cb1b1,6,5,733.0,1.0,0.0,-0.44193333333333334,0.07857544852631203,-0.5205087818596453
0x9806838514a1104ebf5b9314acc7248faebf3f52,2,1,0.01,1.0,0.5,-0.02529999999999999,0.7890999999999999,-0.8143999999999999
0x980982728e9e93f018da582dba006df7fdb1c2a3,4,2,4898.21,0.8775062726996189,0.75,0.251375,0.2686418476181004,-0.01726684761810038
0x9830b06de93922bc6e25efb4be3eec36385289cc,8,2,7.5,0.336,0.5,-0.007925000000000001,0.15964297750874337,-0.16756797750874336
0x983a06d78bb185fd1532f06ca216c71c21281135,1,1,0.17,1.0,0.0,-0.2861,inf,-inf
0x98931c351f54d47a001abb899b33f4fe85b27cf5,1,1,0.04,1.0,0.0,-0.2712,inf,-inf
0x98a7e17a2eb65b9d93169c250c9ba1fb190d08e3,1,1,0.01,1.0,0.0,-0.2861,inf,-inf
0x98aa91bc29141454440dececa0ba2b32b8804624,2,1,1.9900000000000002,0.06532663316582914,0.5,-0.024400000000000033,0.6357999999999998,-0.6601999999999999
0x98bd1613abe50b7b0cf1ca6c8c6f96f8936c5e8d,18,3,2832.56,0.3483491964865704,0.5555555555555556,-0.0866388888888889,0.1268431405187502,-0.2134820294076391
0x98d676f76f5f08902b23d8c71409236db34f22c0,1,1,0.01,1.0,0.0,-0.2729,inf,-inf
0x98d9aec0d0701c57e935617e99dddf7d6bdacd3f,2,1,0.01,1.0,0.5,-0.006349999999999967,0.77015,-0.7765
0x98e7bb1801edd0c7a6f08399db0e3ecb2ee50a64,53,19,1969.24,0.9502041396680952,0.07547169811320754,-0.3610792452830188,0.03431879341849992,-0.39539803870151874
0x98fe05e4abf1165b4fd8cadce2cc862949d7ef96,1,1,0.02,1.0,1.0,0.7637,inf,-inf
0x9957ee1884552cf8784b2c3a16374225ebd71b9c,3,1,589.3199999999999,0.018122581958867862,0.3333333333333333,-0.2549666666666666,0.5104586184120229,-0.7654252850786896
0x99708ac82abda3dda4842ed7cc2090e16eece951,2,1,0.4,1.0,0.0,-0.158,0.0,-0.158
0x99765c5557888d05a7be78f8e4ab597ae8a0dee7,1,1,0.08,1.0,0.0,-0.2642,inf,-inf
0x99a3cf3278c7c1683ce60bdaa7c13cd402b8b982,6,3,4330.92,0.21679458406066146,0.5,0.0361,0.09784109225337448,-0.06174109225337448
0x99b0d453aaabcddc734cd0f141e84596434d70c4,3,3,60.0,1.0,0.3333333333333333,-0.15013333333333334,0.20708557275784434,-0.3572189060911777
0x99c1be99c35fd90e333b2af37f9e7d5d746e9b20,5,1,2591.7200000000003,0.10028861142407357,0.8,0.35266,0.2648866164984558,0.08777338350154418
0x99cee1f25b05cc37c4fa004a0f8ca79df8d5e246,59,10,5354.509999999999,0.3899721916664644,0.3389830508474576,-0.031,0.07026801359550515,-0.10126801359550515
0x99d570fc8c797049e512b1e7296ee30659df3374,3,1,78.06,0.03663848321803731,0.3333333333333333,-0.09736666666666667,0.17586090463140971,-0.2732275712980764
0x9a080a771653d1c9ce210d075e0a895809ea2523,10,4,30465.099999999995,0.613411411746556,0.5,-0.08657,0.1107171351287194,-0.1972871351287194
0x9a1d2b7b94d70a4f5d499bef1da0a2bc5022fb8e,1,1,1.57,1.0,1.0,0.4547,inf,-inf
0x9a522f2879eef143b35abd822bb154e0372458c5,4,1,0.02,1.0,0.5,-0.004274999999999973,0.44327510715694385,-0.4475501071569438
0x9a5801f8b2d1dbc5569a51c1125a537e213cac2d,1,1,0.56,1.0,0.0,-0.1896,inf,-inf
0x9a70b4452e4fd364b39d45de42853455aa014fbd,1,1,1.0,1.0,0.0,-0.2882,inf,-inf
0x9ac29a5b630cf674a901e8a5510235421fbc8acb,1,1,0.04,1.0,0.0,-0.2712,inf,-inf
0x9ac5c8496bc84f642bac181499bf64405a5c6a3d,8,2,7794.08,1.0,1.0,0.13211249999999997,0.01109490612688029,0.12101759387311968
0x9af22e9c2f568e79a53de3e3c475ebb848a890e8,2,1,700.97,1.0,0.5,0.05285000000000001,0.41054999999999997,-0.35769999999999996
0x9b0340d811885481d088b4a7e35b9ed8f8a38680,1,1,0.15,1.0,0.0,-0.1561,inf,-inf
0x9b472a4e0351d62bb5bbd11cd7867c7c602629d6,1,1,0.08,1.0,0.0,-0.2729,inf,-inf
0x9b5025fa6590320df2ecec335a1cf49c38c943e8,3,1,848.81,0.9815977662845632,0.6666666666666666,0.14106666666666662,0.2931333333333333,-0.15206666666666668
0x9b772caa4c293cbfb16b8537eea315a988f9b6c2,1,1,2.0,1.0,1.0,0.4083,inf,-inf
0x9b77ddfcb318a3f2339374b7ab21d0c7880b4e35,2,1,0.01,1.0,0.5,-0.005950000000000011,0.76975,-0.7757000000000001
0x9b8d14d3571f913ea4953778feeb518fa92c6033,9,1,5653.99,0.2203735768899485,0.4444444444444444,-0.019922222222222247,0.1975362707747743,-0.21745849299699654
0x9ba9611171eb6712ca07e93ef77d441781e32fe8,1,1,0.08,1.0,0.0,-0.2724,inf,-inf
0x9bb05d441e15e703637d8e828f47bc64258368d7,1,1,0.27,1.0,1.0,0.7258,inf,-inf
0x9bc0dd5449042b370e3d2b0dcdf9e67b7004fa59,1,1,0.02,1.0,0.0,-0.2861,inf,-inf
0x9bc1fe942ca171ef02078f6b7d73d4a9b8d5ac9f,2,1,0.01,1.0,0.5,-0.004349999999999965,0.76785,-0.7722
0x9bd1d07091eb08922e05cd4cb9a201644af709bc,1,1,0.08,1.0,0.0,-0.2713,inf,-inf
0x9bd8def7eeeb24ea524b7bd0cbf2acd2fda063d5,1,1,0.08,1.0,0.0,-0.2883,inf,-inf
0x9be6dfa76b706dc5a7942957d72899c1cdfc9f23,1,1,0.02,1.0,0.0,-0.2882,inf,-inf
0x9bff9c57d8993628d1d254d6f77a765062f25980,1,1,0.02,1.0,0.0,-0.2882,inf,-inf
0x9c0517b38d967ba2740525a212360ec0e5d771d7,2,1,0.01,1.0,0.5,-0.0041500000000000425,0.77155,-0.7757000000000001
0x9c99e2b993c942b8090cceaf4f15eb424bbffe1b,1,1,0.04,1.0,0.0,-0.2857,inf,-inf
0x9cab8c02b6e904cae3f98966d5eb064ba26815d8,1,1,0.08,1.0,0.0,-0.2728,inf,-inf
0x9cc214a408ae3f26365fcca260a90dc0d7a8de55,18,7,23982.82,0.4783440813048673,0.2777777777777778,-0.2515722222222222,0.09993188131084041,-0.3515041035330626
0x9cd64bcc63e9c8290e20b867710bcd18d014c250,2,1,24.54,0.18500407497962507,0.5,0.10125,0.45285000000000003,-0.3516
0x9cdcb2ab361380c7170a8942993c7a863aa73ec9,1,1,0.04,1.0,0.0,-0.2797,inf,-inf
0x9ce033222e32e3ed4b0552ee06dc04982ccdb2ff,7,2,106.78,0.2507960292189549,0.2857142857142857,0.026300000000000014,0.0530166595559942,-0.02671665955599419
0x9cf859a650b4ace5abbc9a045dab7f32ef7a1e2b,3,2,510.12,0.9211166000156825,0.6666666666666666,-0.07403333333333333,0.20922555877436305,-0.2832588921076964
0x9d1b118450e8da7295eb80656b03bd57628cd87f,1,1,0.07,1.0,0.0,-0.2733,inf,-inf
0x9d210fb37cfe2133c24ba4cd11b2d75471b89abf,1,1,0.18,1.0,0.0,-0.2861,inf,-inf
0x9d30bcecd06fcbaab7aa3aff5fd8689f6fbf5c19,1,1,0.02,1.0,0.0,-0.2861,inf,-inf
0x9d461769430dc105f76603f809ab754b32e5dcd1,17,6,370.35,0.2648035641960308,0.47058823529411764,0.05282352941176471,0.14320547751021026,-0.09038194809844555
0x9d46707c594c3f777391385cba98ccd48c31e29f,2,1,0.01,1.0,0.5,-0.015949999999999964,0.7797499999999999,-0.7956999999999999
0x9d84ce0306f8551e02efef1680475fc0f1dc1344,155,18,56450.350000000006,0.31065334404481104,0.6580645161290323,0.024084516129032257,0.0312649882433209,-0.007180472114288641
0x9dccdb2b24693f77a6f5464abbf73788bef526f7,1,1,0.27,1.0,1.0,0.7259,inf,-inf
0x9de631993e9036fedd2cc72815d4e133c7b8885c,2,1,0.01,1.0,0.5,-0.005950000000000011,0.76975,-0.7757000000000001
0x9e1ac2a1abad54154b107ddcb2bb56df58cebaf0,1,1,0.48,1.0,0.0,-0.1804,inf,-inf
0x9e29151e61aff076d7e846849674830acd7bf20b,4,1,2.2300000000000004,0.04035874439461886,0.5,-0.0012250000000000316,0.3640930544402992,-0.36531805444029924
0x9e5a230e67d1b6e47ee2f63beabe54ad5e7efce5,2,1,2.14,0.009345794392523372,0.5,0.005949999999999955,0.6356499999999999,-0.6296999999999999
0x9e68eda819d041d6dae1faef10d06d7f97a0a8ac,2,1,0.01,1.0,0.5,-0.0041999999999999815,0.7679999999999999,-0.7721999999999999
0x9e9a90f16a056edc1089126670d594369aa206de,3,1,0.03,0.33333333333333337,0.6666666666666666,0.25160000000000005,0.5119,-0.2603
0x9eb2a19519898f4677373956c8614bc65c15d0f4,1,1,0.17,1.0,0.0,-0.2861,inf,-inf
0x9efc2bc86e2432e92494f5b876aebf33a7a117dd,2,1,0.01,1.0,0.5,-0.0042999999999999705,0.7681,-0.7724
0x9f2ee5b8ab16d008687519c2804afcf33d2ec2b1,1,1,0.08,1.0,0.0,-0.2729,inf,-inf
0x9f6839e0ce21ab16791e430db90b002b39790b70,1,1,0.02,1.0,0.0,-0.2713,inf,-inf
0x9f68d88ac8bebc81fee5f4b8f95a12102a07a71f,2,1,0.01,1.0,0.5,-0.0041999999999999815,0.7679999999999999,-0.7721999999999999
0x9f6e51441d817a3687b3a413d3f815ba8c8dff8f,102,12,291.32,0.42564877111080596,0.46078431372549017,-0.032003921568627455,0.028543535121745147,-0.060547456690372606
0x9f7a517221393bf895e5dddbd99ea917dc69de41,2,1,0.01,1.0,0.5,-0.005950000000000011,0.76975,-0.7757000000000001
0x9fa1ff6a6fe8d3f785476509e4f0cb6f763bbf16,1,1,0.06,1.0,0.0,-0.7756,inf,-inf
0x9fa5cfb3bab52266698d6c220ecf65cf4aba7deb,2,1,23.43,0.024327784891165185,0.5,-0.00714999999999999,0.7062499999999999,-0.7133999999999999
0x9fc56436146745f1f112796d9ba569ee3c950a8d,2,1,0.01,1.0,0.5,-0.004349999999999965,0.76785,-0.7722
0x9ff7e33c298edc3a13828685f00500c781387949,2,1,0.01,1.0,0.5,-0.004349999999999965,0.76785,-0.7722
0xa0024d88bb553b7bf5aabb09ff274cf8f7bb15e5,2,1,2.14,0.009345794392523372,0.5,0.005949999999999955,0.6356499999999999,-0.6296999999999999
0xa03b375ac9540c61267a35fe21a108b0e4444f33,2,1,0.01,1.0,0.5,-0.005850000000000022,0.7698499999999999,-0.7757
0xa03f239205ba122d1377a8f4aee10bbcecbc6cf6,1,1,0.04,1.0,0.0,-0.2642,inf,-inf
0xa0c03d6fbcaef6bd667509a11d9d177402a24246,2,1,0.01,1.0,0.5,-0.006199999999999983,0.77,-0.7762
0xa0e8e4f18a71e9d6668cb2c89b621f874eed8b44,1,1,0.03,1.0,0.0,-0.2733,inf,-inf
0xa0fbec0ffc8881c3b20aeaaec02d584d3275e939,165,16,3108.88,0.7874475695427292,0.7090909090909091,0.11012242424242424,0.029402575686877395,0.08071984855554684
0xa102ca8e73438f8bdb4be738645e72ad3500e102,1,1,0.02,1.0,0.0,-0.2882,inf,-inf
0xa1131d7ca3630217a57ae3f691baab3c41982a8a,1,1,0.2,1.0,0.0,-0.2712,inf,-inf
0xa1405a4fd1481bdb3d15ccbb4039a2f9715e8f62,1,1,0.02,1.0,1.0,0.7637,inf,-inf
0xa142db9b8248f13c677c6b9e719f583587e0c888,1,1,0.04,1.0,0.0,-0.2728,inf,-inf
0xa1c6a29f699fdb1265d16e2330ac814ae430d566,1,1,0.08,1.0,0.0,-0.2883,inf,-inf
0xa1df65c76baa7a6a531d8d1b9771e004fb287e0f,1,1,0.02,1.0,0.0,-0.2642,inf,-inf
0xa1e2e81a99a5bf387fa71f11742dcac8922f5ba7,1,1,0.09,1.0,0.0,-0.2713,inf,-inf
0xa1e9ab4d47ce17961795c6250a99e07b7c9d8b44,3,1,15022.25,0.06508678793123533,0.3333333333333333,-0.16,0.2678503500091049,-0.4278503500091049
0xa1f691fb1cdac131b929511d80b8cdf585dd2628,1,1,0.02,1.0,1.0,0.33220000000000005,inf,-inf
0xa21d983ad023e8cfc78e57e8a3229d277495d070,1,1,0.02,1.0,0.0,-0.2729,inf,-inf
0xa282f14c503d1ed3d11e67b84eee9dadb60a1cc2,10,1,998.54,0.0018627195705730824,0.5,-0.005799999999999994,0.1527255301367638,-0.1585255301367638
0xa287c21c98d2edaa999ebb510bd3c14b8bba4071,2,1,0.01,1.0,0.5,-0.0041999999999999815,0.7679999999999999,-0.7721999999999999
0xa297bc33aa1dada6997d81489caf9c32a7e634d7,1,1,0.08,1.0,0.0,-0.2713,inf,-inf
0xa2c52d8fb493d86fb8add0641f9b258e7a30e249,1,1,0.02,1.0,0.0,-0.2756,inf,-inf
0xa2ec1fec4cb6daece88ba7c1102be936e616b67a,1,1,0.17,1.0,0.0,-0.2861,inf,-inf
0xa2feecc0058138f5c4e34ac9f895d9e28444d4d5,6,4,6322.8,0.15455178085658253,0.3333333333333333,-0.11471666666666669,0.1323672527897709,-0.2470839194564376
0xa30cc46327aa7b950c1ad0ddc7d37e46b484e4d9,1,1,0.08,1.0,0.0,-0.2713,inf,-inf
0xa31e785f388472fb220c9dc5af815233c9bdf69d,1,1,0.02,1.0,0.0,-0.2881,inf,-inf
0xa32541ee1ec46b47d0ce5cfb25f49a0ec5795a63,62,6,993.25,0.12743015353637055,0.4032258064516129,-0.1529532258064516,0.06003168715172963,-0.21298491295818123
0xa333d54b22755f72e6befeb2b8600864f3092ae6,2,1,2.2199999999999998,0.03603603603603597,0.5,0.023249999999999993,0.62265,-0.5994
0xa34881466d7f43472824376d6059569b786b42fd,1,1,0.06,1.0,0.0,-0.2713,inf,-inf
0xa358a65aa939107bea129592213ca2ced17ce2ef,1,1,0.08,1.0,0.0,-0.2654,inf,-inf
0xa3965762089c232b2d7e7baf9cbfa559f68fe6e0,2,1,0.01,1.0,0.5,-0.004349999999999965,0.76785,-0.7722
0xa3bae2c09e5662ae807b5242d46bb9623d3c44db,1,1,0.04,1.0,0.0,-0.2857,inf,-inf
0xa3bc6b2029ce18790484c92640223ba8ca869f0a,3,2,8.88,0.9594594594594593,0.6666666666666666,-0.046933333333333306,0.1853678534997671,-0.2323011868331004
0xa3e0c2323490d54bc63d1a442f05563ab4a62854,4,1,0.02,1.0,0.5,-0.004274999999999973,0.44327510715694385,-0.4475501071569438
0xa4361695275601a854368dcfe6ee6e79256de29f,1,1,0.08,1.0,0.0,-0.2883,inf,-inf
0xa44f8cee45e339e89c8eca1fac7127734798ddc1,1,1,5.0,1.0,0.0,-0.3295,inf,-inf
0xa4a6fcb5df72529d4a16cf091964d1cf50ccdaa2,49,11,3697.8,0.8151333225160904,0.6530612244897959,0.03242857142857143,0.05348829207832106,-0.021059720649749626
0xa4a76c5112b7d0f864dc2ae3476f02b3345a9ddc,2,1,566.29,0.010083172932596337,0.5,-0.006599999999999995,0.6547999999999999,-0.6614
0xa4ae9655128b2c5dfd3df75a88d3dc81f3d603b5,1,1,0.02,1.0,0.0,-0.2713,inf,-inf
0xa4b32d9fdcf069caaf4f093312318703c78e8351,1,1,0.14,1.0,0.0,-0.2861,inf,-inf
0xa4e1c7ca4b9a1ac913505d5549cbee7ccac08605,2,1,2.2,0.03636363636363629,0.5,0.023749999999999993,0.62205,-0.5983
0xa4f628c52b4434f2efcea42eb64cf7583bef7f10,2,1,0.01,1.0,0.5,-0.005950000000000011,0.76975,-0.7757000000000001
0xa51f96db0404b471d1770296d6d706e2306bfc80,2,1,0.01,1.0,0.5,-0.0041500000000000425,0.77155,-0.7757000000000001
0xa5261a6ea4e381a9e0ae9c2e545189c3e541fda5,1,1,0.02,1.0,0.0,-0.2861,inf,-inf
0xa53ed5870cc4ee0d0d3cf51702ed87d8d84ee3b2,70,11,15069.299999999997,0.6904886092917389,0.6571428571428571,0.13924857142857144,0.04019989461286605,0.0990486768157054
0xa542cf31f95138d9352e007fe7703e7706dec3a1,1,1,0.1,1.0,1.0,0.06589999999999996,inf,-inf
0xa54c66b95897cef31b38b09a87f2d539263bc1ef,1,1,10.0,1.0,1.0,0.11719999999999997,inf,-inf
0xa5595b06b69170e265b438a6f12d9aeac925a60c,2,1,0.01,1.0,0.5,-0.005950000000000011,0.76975,-0.7757000000000001
0xa56c9cef0fbbc0523e0da139fa75b43b0650d31c,16,8,583.0,1.0,0.0,-0.21416875,0.03899975717739578,-0.25316850717739575
0xa575d6f82c26a7b2fd7259163dfd307a40f29793,1,1,0.08,1.0,0.0,-0.2728,inf,-inf
0xa580790edd79d029120828ad22c42da2a545c299,40,3,1188.7799999999997,0.5671192314810143,0.5,-0.033952500000000004,0.03127991490977589,-0.0652324149097759
0xa5aa7d70d9ab7f059a00e8b3f5c93a8feece808c,1,1,0.08,1.0,0.0,-0.2883,inf,-inf
0xa5bd9fe80071a911b1eb4366f45f25bf9f71eb63,1,1,0.02,1.0,0.0,-0.2882,inf,-inf
0xa5c37f5f7dca565cecd5b5114006dff23a291f5f,8,1,1977.4899999999998,1.0,0.5,-0.004287500000000027,0.24505213908581927,-0.2493396390858193
0xa5c6edb7bdb5bbaf7f4812ffff7a7389d5e3cdb6,2,1,2.14,0.03738317757009349,0.5,0.023999999999999966,0.6223,-0.5983
0xa5cf890a19620385aa4cf5d371ee2ec21479b579,7,3,1150.5,0.4520990873533246,0.5714285714285714,0.0967,0.10525315061453369,-0.008553150614533697
0xa5dd4e5d46a38db5bb91fe3d97359d7ae8e0bf9a,5,5,118.75,1.0,0.4,0.05354,0.2689547370841421,-0.21541473708414208
0xa602c3618ff4890787942598162883b9dbfde8ed,1,1,0.02,1.0,0.0,-0.2642,inf,-inf
0xa61112d83198ec077eeee12187ab2c91164ee9b8,2,1,0.01,1.0,0.5,-0.005950000000000011,0.76975,-0.7757000000000001
0xa6149bf5647a7924839a5b5285dbe49cd4f0e553,3,3,5000.0,1.0,0.3333333333333333,-0.29086666666666666,0.2843887851359668,-0.5752554518026335
0xa6479f0515c8bfc6b3e52fff962c90f7632aa27b,2,2,25.0,1.0,1.0,0.11609999999999998,0.01290000000000002,0.10319999999999996
0xa659c1727b0b97e0d2addc59047141f2b9c5f329,1,1,0.02,1.0,0.0,-0.2728,inf,-inf
0xa66f0ba1d81a2df49d8899ec9d7c1eff795bd9ec,2,1,0.01,1.0,0.5,-0.005950000000000011,0.76975,-0.7757000000000001
0xa67209aaa09ba891adb7d291310e49914472f083,25,3,4660.139999999999,0.15337736634521712,0.76,0.07864399999999999,0.03540337275834983,0.04324062724165016
0xa68c1c1c2f10fe2f47398891f0b242fc72944f94,147,15,6691.47,0.12297596791138567,0.3673469387755102,-0.04427414965986394,0.018561649291566368,-0.06283579895143031
0xa69b91009c82e4a7d664f9b07d0837b35e5b22bc,2,1,131.82999999999998,0.5171053629674581,0.5,-0.21044999999999997,0.4069499999999999,-0.6174
0xa6bded19d050d52535c45649d2fb9e256672886c,1,1,0.04,1.0,0.0,-0.2882,inf,-inf
0xa6d0d36196b7202513ffc6dd957183b7712622e3,1,1,51.58,1.0,1.0,0.6848000000000001,inf,-inf
0xa6ea6db3f8e29da85c5ea9ba8fadd95c534039b7,1,1,0.27,1.0,0.0,-0.2859,inf,-inf
0xa72777868c7af9e2a3890bd76bb0774ad916f00e,1,1,0.01,1.0,0.0,-0.2729,inf,-inf
0xa72eb00a2aa40048bb98a39505e1e469ca646cdb,1,1,0.08,1.0,0.0,-0.2883,inf,-inf
0xa740af75d5990a502086b28b538d318c7bb9adf9,1,1,0.07,1.0,0.0,-0.2713,inf,-inf
0xa75539c487d7b744ed5ebb5f5d3c7daad4bec322,2,1,0.78,1.0,0.0,-0.2712,0.0,-0.2712
0xa7668942698b12d5ac7d7e3f7cb0a310e8d2e4ea,2,1,0.01,1.0,0.5,-0.005850000000000022,0.7698499999999999,-0.7757
0xa76cea57e64777f87f8b384ed8a0050f3d648c11,2,1,0.01,1.0,0.5,-0.0041999999999999815,0.7679999999999999,-0.7721999999999999
0xa79ae7948ac5fe02a3765e54cde0e6f7bfdf4da8,1,1,50.0,1.0,0.0,-0.2252,inf,-inf
0xa7a9fc12799561185d679e76cc3bac79fe782be6,2,1,0.01,1.0,0.5,-0.0041500000000000425,0.77155,-0.7757000000000001
0xa7b2a9d2f3f2be75418aeca98034dd28192a0496,2,1,0.01,1.0,0.5,-0.01589999999999997,0.7797,-0.7955999999999999
0xa7c035344663ab68f296db008ae236fc2576b1e4,2,1,0.01,1.0,0.5,-0.0041999999999999815,0.7679999999999999,-0.7721999999999999
0xa7cf87f4061e7a5b97432af1cf95782e2eebc584,1,1,0.05,1.0,0.0,-0.2859,inf,-inf
0xa7d7ba0ab935d1bb3705fcfa86e2c75de0be2603,3,1,0.03,0.33333333333333337,0.6666666666666666,0.25160000000000005,0.5119,-0.2603
0xa7ebc0be96d7fdd223c32456f40da2a832202f35,5,1,0.02,1.0,0.6,0.14926000000000003,0.3761436462310642,-0.2268836462310642
0xa807d6ea523ea3d2b671a65566f057b7f3da2ed7,1,1,0.01,1.0,0.0,-0.2861,inf,-inf
0xa82c45db812f1ee596ac6e2efbd5cd1ead2d8c14,2,1,0.01,1.0,0.5,-0.0041500000000000425,0.77155,-0.7757000000000001
0xa8410b058364db2f74c324751e42f7aa7a48851f,1,1,0.1,1.0,0.0,-0.2728,inf,-inf
0xa84798496d9d6185c5b181db143e7796bd016123,2,1,0.01,1.0,0.5,-0.004349999999999965,0.76785,-0.7722
0xa85990e9e4bdc2b18dff915b9e0905e4da8e5773,2,1,0.01,1.0,0.5,-0.005950000000000011,0.76975,-0.7757000000000001
0xa898649b0ab119c69cba11d3cd7ef847971e7135,1,1,0.08,1.0,0.0,-0.2728,inf,-inf
0xa8b1fb0188ebe6e394673bfaa5b282600426a3ae,1,1,0.02,1.0,0.0,-0.2713,inf,-inf
0xa8b43fc292897bdf4660f29c8546dd4daf457ab9,1,1,0.01,1.0,0.0,-0.2729,inf,-inf
0xa8b7f8b34185e9cc62c471e1d353595148a3ee3c,380,18,8692.84,0.26562780403182396,0.5789473684210527,0.004575526315789473,0.017240884342758965,-0.012665358026969492
0xa8c1e3cbed4a38232fda1e773df525d5a6374481,1,1,0.3,1.0,0.0,-0.2861,inf,-inf
0xa8ccc046e3431c78b87f63c663c125bd924c849d,1,1,0.04,1.0,0.0,-0.2797,inf,-inf
0xa8e5ff9094f25dae826e008fb238b705a7809dc6,2,1,0.01,1.0,0.5,-0.005950000000000011,0.76975,-0.7757000000000001
0xa8f1587a4daae7e22f277659a3aa88569aa36b08,2,1,1.9100000000000001,0.10994764397905762,0.5,-0.04139999999999999,0.6224999999999999,-0.6638999999999999
0xa8f18f4258177427412709d63469a878313c4891,3,1,0.03,0.33333333333333337,0.6666666666666666,0.25160000000000005,0.5119,-0.2603
0xa90825cc2dcd40c34673310ab2508126a1d4310b,2,1,0.01,1.0,0.5,-0.005850000000000022,0.7698499999999999,-0.7757
0xa92c03759c05c2ff02e1545351055620ffb5c620,27,7,111.09,0.7675758394094877,0.7777777777777778,0.21103703703703708,0.05376405326074442,0.15727298377629267
0xa970b7609c294f39aa40d9c67af5e8146ae97947,2,1,2.2,0.03636363636363629,0.5,0.023799999999999988,0.6221000000000001,-0.5983
0xa973c5102e9408fbdadadd3d9be4994eda2bfcb3,2,1,0.01,1.0,0.5,-0.006249999999999978,0.7700499999999999,-0.7762999999999999
0xa979d1ac12fd91f67304e7af9ab25b79a32c674d,4,2,1001.8100000000001,0.9963865403619449,0.5,-0.11345,0.06704910513944239,-0.1804991051394424
0xa97e2340868dc3cc877a312eda355dafd11bd88f,2,1,0.01,1.0,0.5,-0.004100000000000048,0.7716000000000001,-0.7757000000000001
0xa98ad197b60d980ee0705d93355eda80f4455f91,1,1,0.03,1.0,0.0,-0.2713,inf,-inf
0xaa214dd890c33a7ca43feb211b7dcdb9b8ca022e,1,1,0.17,1.0,0.0,-0.2861,inf,-inf
0xaa3cf946f8e38c2f94628c731c0a9f6400b7166b,2,1,0.01,1.0,0.5,-0.005950000000000011,0.76975,-0.7757000000000001
0xaa462ea8cda7099dfe7cc1c72d54000c6199941f,1,1,0.02,1.0,0.0,-0.2882,inf,-inf
0xaa6090b0af46b6c32cada45dd8c7e2ff47d16ead,1,1,0.5,1.0,0.0,-0.2019,inf,-inf
0xaa6801e4ac3b4d6acb8d8700ca20af73be3f94a7,16,9,3493.4399999999996,0.8396251259503527,0.3125,-0.22166249999999998,0.08054744920180072,-0.3022099492018007
0xaa74c0c8b86b82e31dde9eb7b8efbb8beea07bc0,2,1,0.01,1.0,0.5,-0.005950000000000011,0.76975,-0.7757000000000001
0xaa920d731cfeea67ab2dc84081706878ff493af8,4,1,0.03,0.33333333333333337,0.75,0.37957500000000005,0.383925,-0.004349999999999965
0xaac1f92692d5ab69eadcb8c7245d3582204f93c7,8,6,2067.0,1.0,0.5,-0.16626249999999998,0.17489543604424654,-0.3411579360442465
0xaaee39771603180065820fe7d75f3381471281b6,1,1,0.05,1.0,0.0,-0.2713,inf,-inf
0xaaf282e23737b25796f1fd40f6fc10e1cb74f221,2,1,0.01,1.0,0.5,-0.005950000000000011,0.76975,-0.7757000000000001
0xab3b6ca2d3e54af6a9177ec81906f02d3ee1fd40,1,1,0.15,1.0,0.0,-0.156,inf,-inf
0xab44ef27bf43d013e1ead4aab960717579bf8e23,2,1,0.01,1.0,0.5,-0.004100000000000048,0.7716000000000001,-0.7757000000000001
0xab4dc6ae5803cea018b9233358e3dc2a4e70b4d8,1,1,0.02,1.0,0.0,-0.2882,inf,-inf
0xab6f777105d981f1c9a7be9eaef5e5f8ffd13482,1,1,0.02,1.0,0.0,-0.2882,inf,-inf
0xab8a06d01591017a5f490521f5f280fd96564ad3,1,1,0.07,1.0,0.0,-0.2654,inf,-inf
0xabab6458d3118ea950786ea9b3d2533c737a5a60,2,1,0.01,1.0,0.5,-0.005850000000000022,0.7698499999999999,-0.7757
0xabc577173d6f94459b1c334c9e278f99a4c5da4c,2,1,0.01,1.0,0.5,-0.006199999999999983,0.77,-0.7762
0xabe0f1f8ede6529fb9de7022c4f7a97765e16e2d,1,1,0.27,1.0,1.0,0.7262,inf,-inf
0xac01830ecf2e587778271d032f605053de9665f2,1,1,61.64,1.0,1.0,0.2358,inf,-inf
0xac3606a95a602b783d97ea32b6214d35686df7db,1,1,0.02,1.0,0.0,-0.2712,inf,-inf
0xaca4aa050f15792184d74755af9aab634270d881,1,1,0.02,1.0,0.0,-0.2882,inf,-inf
0xacb1dc0dd47dd722b6c6e5ce645e336a77e4a221,1,1,0.02,1.0,0.0,-0.2883,inf,-inf
0xacbfe1b847c3d6f83fd9d65df5fa65d50ac974e6,3,1,0.03,0.33333333333333337,0.6666666666666666,0.25160000000000005,0.5119,-0.2603
0xace4e28436c072d1940abc0e9fd105c67b29f4b5,3,1,0.01,1.0,0.6666666666666666,0.2516666666666667,0.5118333333333334,-0.26016666666666666
0xacf6096571d0953ac1a1d288ac0938919194b575,2,1,10.0,1.0,1.0,0.38070000000000004,0.0,0.38070000000000004
0xacff2bf88ad9497d97ccfe1afc7b6c92e4db15d4,3,1,29731.98,0.049520415391104126,0.6666666666666666,0.06999999999999999,0.04820127937444537,0.021798720625554623
0xad017a9c91f26a136fb6694a850833fb69261391,2,2,1.15,1.0,1.0,0.5093,0.0937,0.41559999999999997
0xad154f274582a9055e2b0aaa5ec7d6dc692b74de,1,1,0.1,1.0,0.0,-0.2859,inf,-inf
0xad2b602736d9ab453666b47f05092f391b865c33,6,3,752.0,0.4324734042553191,0.5,0.24859999999999996,0.2147931718343641,0.03380682816563585
0xad49e3da63bde1e177fdab995e40f31b52b283fa,1,1,0.08,1.0,0.0,-0.2712,inf,-inf
0xad5952dfb4faca611a28514bfc98bb692a1b6b70,3,1,100.88,1.0,0.6666666666666666,0.2256,0.4425746151780511,-0.21697461517805108
0xad6426f4617ed160e6e500055a33225c8dbe24c2,1,1,0.28,1.0,1.0,0.3778,inf,-inf
0xad6927e671ccbd4ba4b8a49281fd64468e5f7b98,1,1,0.02,1.0,0.0,-0.2861,inf,-inf
0xad70f45e22d02e05feb6a8b09252cb3f27a88e84,2,1,2.0100000000000002,0.0746268656716418,0.5,-0.02645000000000003,0.6378499999999999,-0.6642999999999999
0xadced6d94e93e5d980844e050ab168414658b824,1,1,0.02,1.0,0.0,-0.2713,inf,-inf
0xadd2c078fe8ef4982e80583efd6f2c95c832b884,1,1,0.08,1.0,0.0,-0.2728,inf,-inf
0xaddab3d1f8fcc0a4762283292a0899b19accf170,1,1,0.02,1.0,0.0,-0.2861,inf,-inf
0xade52afd2c3433c2683db90f6ddc29fdd095c04c,2,1,0.01,1.0,0.5,-0.005950000000000011,0.76975,-0.7757000000000001
0xae00d1fb027e9242a2ce0c9b334423ccdada1a84,2,1,0.01,1.0,0.5,-0.005950000000000011,0.76975,-0.7757000000000001
0xae094828b555342ad8cffcd24715c07d73b56a64,7,3,388.35,0.31505085618642975,0.7142857142857143,0.3173285714285714,0.14712862806836374,0.17019994336020766
0xae4769ef53bfbf4cf9d8edf64057a59f34dd5327,1,1,0.02,1.0,0.0,-0.2713,inf,-inf
0xae5370a6826e4389652a4689eada461131ee2d60,1,1,0.03,1.0,0.0,-0.2713,inf,-inf
0xae58d05cee8744a8eecfbf0ae5ebe7f8db786d32,1,1,0.04,1.0,0.0,-0.2797,inf,-inf
0xae6b7fb08c3c969a987affd7e10aecf4c657d154,1,1,0.01,1.0,0.0,-0.2861,inf,-inf
0xae75bf78744367869cd0de66bcdff077082e4c57,1,1,0.05,1.0,0.0,-0.2713,inf,-inf
0xae7c65a04aa85a7ae42c8a01758eff2c45d09c11,2,1,0.01,1.0,0.5,-0.0041999999999999815,0.7679999999999999,-0.7721999999999999
0xae82e88b127fed2178dd691c2ba7a08f6d1541d2,1,1,0.03,1.0,0.0,-0.2882,inf,-inf
0xaea582328d2424ec21b8c97a49d32f7423ae9c64,2,1,3885.88,0.029367865193984346,0.5,-0.019399999999999973,0.6601999999999999,-0.6795999999999999
0xaeb9d336d11017f07309c3501c8147b1691d92a9,2,2,679.72,1.0,1.0,0.0943,0.07509999999999999,0.01920000000000001
0xaebdedd444baea0a1c56cbe652c142213114305a,1,1,0.08,1.0,0.0,-0.2883,inf,-inf
0xaedb03fae83f70bf3ef7e142603bc261a85d9243,2,1,2.2,0.03636363636363629,0.5,0.023299999999999987,0.6226,-0.5993
0xaef2f662b5e2de8bd6d2fa0b736cd4274c4d83c0,2,1,0.01,1.0,0.5,-0.005950000000000011,0.76975,-0.7757000000000001
0xaef9f199d7080e86239ed40aa1cdece41245a3ad,2,1,0.01,1.0,0.5,-0.005950000000000011,0.76975,-0.7757000000000001
0xaf03ccdcff13cfaf8369db0c0421bf54068221fa,1,1,100.0,1.0,0.0,-0.4942,inf,-inf
0xaf8be8c17eac01af86d0eb4df5d95d530e9d4d80,2,1,0.01,1.0,0.5,-0.0041999999999999815,0.7679999999999999,-0.7721999999999999
0xaf9cedb613dd66ead598d454444ffffbe5b4e23a,1,1,0.02,1.0,0.0,-0.2729,inf,-inf
0xafa81e9523713f5eca9cd96f44ddad7b0c12ac54,3,1,0.03,0.33333333333333337,0.6666666666666666,0.25160000000000005,0.5119,-0.2603
0xafd2855a086ad4fba71a7c3f53a4e236f9bc1044,12,3,6263.35,0.31463833252173357,0.25,-0.12584166666666666,0.09210960981873496,-0.21795127648540163
0xb03740b795efe4f86dcb57a26d0f0c3ca9777030,1,1,0.04,1.0,0.0,-0.2797,inf,-inf
0xb07741f37b3a93155756698b26677357571d5366,1,1,0.03,1.0,0.0,-0.2712,inf,-inf
0xb07f403eb4b7bf6adcffa2d0e7bdfce92819576a,1,1,0.02,1.0,0.0,-0.2728,inf,-inf
0xb0d556d93de92fd47a491f96ef86b36ad9365098,1,1,0.04,1.0,0.0,-0.2728,inf,-inf
0xb0d7480a7a75026ec76dd92ac382bd66dda2f9fa,174,13,15953.93,1.0,0.4827586206896552,0.004348850574712625,0.032405380401775756,-0.02805652982706313
0xb0e63a822ca959f0311a043eded8bf6a0d99a76a,5,2,1320.73,0.24930909421304884,0.8,0.2614,0.2091883839987297,0.05221161600127033
0xb0e9ae850ac5c9c2512e7a1fe0b32ec5f8f3a40e,1,1,0.08,1.0,0.0,-0.2712,inf,-inf
0xb1063dbcac509e3e35e791959a4ac4d0965e7235,4,2,69.99,0.857408201171596,0.5,-0.272225,0.23333728225825093,-0.505562282258251
0xb1066323bb75199fc7d83de778d3f2d0ca1fc282,1,1,6.0,1.0,0.0,-0.6657,inf,-inf
0xb1109450bc23643ec09138e7b2f4cd60d688af64,1,1,0.03,1.0,0.0,-0.2713,inf,-inf
0xb12a8664603b91a255d68b658762b604654a3847,1,1,0.03,1.0,0.0,-0.2729,inf,-inf
0xb150fab4f7c4684c0c1b85ba83af5a6397938e2b,1,1,0.02,1.0,1.0,0.643,inf,-inf
0xb192829e36887a78e0087eb9e7b0bdb6f9f0a14b,2,1,0.01,1.0,0.5,-0.0041500000000000425,0.77155,-0.7757000000000001
0xb1bf3892cb840d1ff3b8f77b204672cf91416113,1,1,0.03,1.0,0.0,-0.2713,inf,-inf
0xb1c20a8a7a92040df12757a09f4bc9f9d1e94a2e,1,1,5.0,1.0,1.0,0.21589999999999998,inf,-inf
0xb1c3653927c2c1912c30b6fad5961e89412ccd23,1,1,0.01,1.0,0.0,-0.2861,inf,-inf
0xb1d116903928d71e2af7429ff4f3d9ccfb2274eb,2,1,0.01,1.0,0.5,-0.005850000000000022,0.7698499999999999,-0.7757
0xb1d5b15d67ab2916454bf81db8e07a8f6ff7a024,1,1,1000.0,1.0,0.0,-0.6215,inf,-inf
0xb1d8eab6438603f5e9ef7e9aa1e3828bd37a5860,1,1,0.02,1.0,0.0,-0.2882,inf,-inf
0xb1e6191b480f401bd1a1cae7485f9c6b43d27d8e,2,1,0.01,1.0,0.5,-0.005950000000000011,0.76975,-0.7757000000000001
0xb1f024bf986c8db1816fa69de556eca5e4580a89,2,1,0.01,1.0,0.5,-0.005950000000000011,0.76975,-0.7757000000000001
0xb1f56fbd81db030502d7cd1bbea695aafbd1823b,15,7,85.75,0.9997667638483966,0.6,0.006206666666666664,0.09234214559976531,-0.08613547893309864
0xb223b08aa8461c1bbff4344fb31a4baea31e156b,2,1,4.0,1.0,1.0,0.20205,0.041149999999999964,0.16090000000000004
0xb233abb7db2d854abc65443ddbc1282788fb498d,1,1,0.12,1.0,0.0,-0.7352,inf,-inf
0xb23c0544df2b1e0b818235e378a619ab09c4f80a,1,1,0.1,1.0,0.0,-0.2654,inf,-inf
0xb2444754a8354fdeff58c7eebb8ae452683152a9,1,1,0.07,1.0,0.0,-0.2756,inf,-inf
0xb267c246212c7c6af20de660c1ea38fa92dcef17,1,1,10.0,1.0,0.0,-0.0052,inf,-inf
0xb29ea4336f526dbd62a123a93f11f6c46f53bea4,7,6,703.4599999999999,1.0,1.0,0.12391428571428571,0.024242695793160622,0.0996715899211251
0xb2d62e284ac9f13f09dcdd8accab61bfdd7af3bd,5,3,200.0,1.0,0.4,-0.004299999999999993,0.11832083924651648,-0.12262083924651648
0xb31f376d17958df8dae12dd2f1de85f77ae31e8f,3,1,34.64,0.4434180138568129,0.3333333333333333,-0.22519999999999998,0.4349531124155799,-0.6601531124155798
0xb32c3672ec1d84ee4fef3ce74d83ea052fd73c1c,3,1,7.45,0.022818791946308713,0.6666666666666666,0.18139999999999992,0.40753940095815683,-0.2261394009581569
0xb33aa2a1effbe42d391c052a116bce8ba06ade46,3,1,20.02,1.0,0.0,-0.6789666666666667,0.09728517073246284,-0.7762518373991296
0xb36be4fe850e3b9a5d66e0b8fc2fd1cc98c17b3f,2,1,0.01,1.0,0.5,-0.0042999999999999705,0.7681,-0.7724
0xb373335d13523ff3919fd28bc49e94883a60ef63,2,1,2.2,0.03636363636363629,0.5,0.023799999999999988,0.6221000000000001,-0.5983
0xb3792facec3c33c8884e0b3f7e617765a18f439d,1,1,0.04,1.0,0.0,-0.2857,inf,-inf
0xb380c8a4cfd5d73954b009063a344c991b231db5,14,11,83.76,0.9808978032473733,0.14285714285714285,-0.34497857142857147,0.06506061010055315,-0.4100391815291246
0xb38e75f7a06ef4cd1f9478da3f1f1683d273487c,1,1,1.0,1.0,0.0,-0.0756,inf,-inf
0xb3abe8a1b603b363f3ad352c2f85f093e184ba8d,1,1,4.0,1.0,0.0,-0.7785,inf,-inf
0xb3e15983ec680d32248c77e73749e7cf00a08796,1,1,1.0,1.0,1.0,0.4677,inf,-inf
0xb3e182b8f0dcf8dd2a29dc4c8c6f671abcf069a2,2,1,0.35,1.0,0.0,-0.2861,0.0,-0.2861
0xb3f2c812f7036c7f3a66555ccb999309814e0be2,1,1,0.27,1.0,1.0,0.726,inf,-inf
0xb40d499a16feb91d7f7d510b619e8bd3acce1e47,2,1,48.14,1.0,1.0,0.11869999999999997,0.008699999999999984,0.10999999999999999
0xb41cd0c323a7ceab582c27335b8a10d4f0e7890d,5,1,203.01,0.36081966405595783,0.2,-0.26132,0.24458858599697572,-0.5059085859969757
0xb4236dfd3173a3471c98989480cbae652e4d8b44,1,1,0.1,1.0,0.0,-0.5635,inf,-inf
0xb4377254d1230d85e2280f674f81d38bf906b6ca,1,1,0.08,1.0,0.0,-0.2713,inf,-inf
0xb440f7f452a9625fc2f87db90bba67769db16f0e,1,1,0.02,1.0,0.0,-0.2881,inf,-inf
0xb44c2073e2d81030a98d4ec7ed6f25211d29b122,2,1,0.01,1.0,0.5,-0.006199999999999983,0.77,-0.7762
0xb477dc38682f7893fba74def7ffcaa0309f24d7e,1,1,0.03,1.0,0.0,-0.2712,inf,-inf
0xb49651d336ce71126065b31f0149183a24001026,1,1,0.02,1.0,1.0,0.7637,inf,-inf
0xb4c1065c00a71b38228820c274f5b1350ef31eca,2,1,0.01,1.0,0.5,-0.004349999999999965,0.76785,-0.7722
0xb4f61de12ddc9ce1273ad37f97e9ced98bc76116,2,1,0.04,1.0,0.0,-0.2882,0.0,-0.2882
0xb509127eb2b8a0d5230a7a11fc6e176a20e9b00a,1,1,0.02,1.0,0.0,-0.2797,inf,-inf
0xb513e67502284c681bb28cf1c8d4d94e44884a90,2,1,0.01,1.0,0.5,-0.004349999999999965,0.76785,-0.7722
0xb5364f9ae058270947245f7283924eaa627df8ea,2,1,18.630000000000003,1.0,0.5,0.004500000000000004,0.5003,-0.49579999999999996
0xb5bcc1e2ce9d53fee14eb4663069f7286ff8cde2,3,1,0.03,0.33333333333333337,0.6666666666666666,0.25160000000000005,0.5119,-0.2603
0xb5c4e3d501d43a9415e2b4886848622c3e99378d,2,1,1.96,0.11224489795918371,0.5,-0.04144999999999999,0.62245,-0.6638999999999999
0xb5e822e9f7cd7385613ad74a05b5629b74c94338,1,1,0.02,1.0,0.0,-0.2884,inf,-inf
0xb606128e1ff9db1eb0451c01cf79f0a505f26992,22,10,241.95999999999998,0.6597784757811208,0.45454545454545453,0.12407272727272725,0.06042877607206592,0.06364395120066133
0xb620309be71c4e2746da89a295bb65a0e49e26f1,1,1,0.08,1.0,0.0,-0.2728,inf,-inf
0xb67a10e8109e517b7c76e5c215fb37b7819b4a58,1,1,0.02,1.0,0.0,-0.2713,inf,-inf
0xb69036d6fc36801dbf2508e4179e51f640db8767,1,1,0.27,1.0,1.0,0.7246,inf,-inf
0xb6c32b69d01b010bfdf52a5eee76bd51b76b2c36,1,1,0.17,1.0,0.0,-0.2861,inf,-inf
0xb6f27e7f65f2ca6483402c179ec346b1f6856ff5,6,4,12.0,1.0,0.16666666666666666,-0.4310333333333333,0.18671937351127885,-0.6177527068446121
0xb705c56905026dbace1abe80b9f3c748eeffe280,1,1,5.0,1.0,0.0,-0.1342,inf,-inf
0xb7189981728fa4ac56430648231632da0debb617,4,2,92.99000000000001,0.7864286482417463,0.5,-0.007574999999999998,0.24588428299710413,-0.25345928299710413
0xb724243ed6ac5ffb5578404b8d4ffd2c542078eb,1,1,0.08,1.0,0.0,-0.2642,inf,-inf
0xb725e9876e877b87f340314d424bd0de73e5b0fb,1,1,0.1,1.0,0.0,-0.2859,inf,-inf
0xb7e647adb292030676a358f7948b1c380acf329b,1,1,0.17,1.0,0.0,-0.2861,inf,-inf
0xb7fc9e15af42e2c93d3fcdef962799b846bbb579,1,1,0.01,1.0,0.0,-0.2729,inf,-inf
0xb866c60da64481442a678b68c66d4c0045d536d4,28,10,8366.53,0.49799976812370234,0.5714285714285714,0.06776785714285714,0.0730490251870777,-0.0052811680442205605
0xb8687ef57b2a72fa21f9c4ad7766f6a49e190c82,2,1,0.01,1.0,0.5,-0.0041999999999999815,0.7679999999999999,-0.7721999999999999
0xb870d4219e89237f35866c9ac4a12690490a014b,1,1,0.09,1.0,0.0,-0.2883,inf,-inf
0xb88db6b0c77895ca803c0d9f53e9363bce5a7fef,2,1,28.740000000000002,0.045929018789143995,0.5,-0.018400000000000027,0.5993999999999998,-0.6177999999999999
0xb890c23bc7405c2490a0beb4ac76428c07a2aa8f,2,1,0.04,1.0,0.0,-0.2882,0.0,-0.2882
0xb8aac8cf503c9a279debd352cb65b4781d749bde,1,1,0.02,1.0,0.0,-0.2713,inf,-inf
0xb8e7ce64df29d94ded583bbf9b39881d5968fc5e,1,1,0.03,1.0,0.0,-0.2861,inf,-inf
0xb8f6925b7027f76be74fef45606bf97d61ffdfef,1,1,0.12,1.0,0.0,-0.2859,inf,-inf
0xb904a273513e4e45dbc1303d73a597c1036b4f0f,2,1,373.06,0.6163619793062778,0.5,-0.25285,0.41024999999999995,-0.6631
0xb90e7d4b9916df49b75e497c1a0f944d7ece29fc,1,1,0.3,1.0,0.0,-0.1897,inf,-inf
0xb90e8ecf88f1957918da9ef74bb3138a2ced3226,2,1,0.01,1.0,0.5,-0.006199999999999983,0.77,-0.7762
0xb923c4ee54fd5c1c37cecf7e04e869222dfc3099,2,1,1.9900000000000002,0.06532663316582914,0.5,-0.024349999999999983,0.6356499999999999,-0.6599999999999999
0xb9309a041ec6f73528f05e5c3e6646cab626a9c8,1,1,0.02,1.0,0.0,-0.2713,inf,-inf
0xb9530d373d1a4a49f3ec09e4f3dd4519480073cc,1,1,0.14,1.0,0.0,-0.2861,inf,-inf
0xb99e533ba5c9c794db5cbfa8abceab5362a1c6a6,2,1,0.01,1.0,0.5,-0.004349999999999965,0.76785,-0.7722
0xb9ebaf4e2b4523f3c2edf60a21e953400659e7a4,1,1,0.1,1.0,0.0,-0.2733,inf,-inf
0xba10847cf156906eda5c8f2fa96a4ed8b7c2f3c3,2,1,2.0100000000000002,0.0746268656716418,0.5,-0.02645000000000003,0.6378499999999999,-0.6642999999999999
0xba1cc9f366d232f56912cae79b66d2976dbb1434,2,1,2.14,0.009345794392523372,0.5,0.005949999999999955,0.6356499999999999,-0.6296999999999999
0xba3b0d0e66b4df40faef1f640511349ba11c87fa,3,1,41.16,0.028182701652089415,0.3333333333333333,-0.009666666666666712,0.37717763424913964,-0.38684430091580635
0xba67d84e41a2dd75dbbef7d23d2993620cd45e91,1,1,0.02,1.0,1.0,0.7637,inf,-inf
0xba6c9b719176616ead7dbb84afeeca91b777f0e8,1,1,0.3,1.0,0.0,-0.1579,inf,-inf
0xba809c1b24c10c70b06582019cad51de74058282,4,4,42.0,1.0,0.5,0.19905,0.2554590329191747,-0.056409032919174706
0xbacf48df8a195799706a57a57ad4ed887f386104,2,1,2.0,0.07,0.5,-0.024349999999999983,0.6356499999999999,-0.6599999999999999
0xbae9bdaeae9a80e9bcfb4e1fde5abaa9630fdc3a,8,2,786.57,0.6400320378351576,0.625,-0.07884999999999999,0.1634300691427376,-0.2422800691427376
0xbaf45d7f1ab92963d834b3ab2433b2fc1803189e,1,1,0.29,1.0,0.0,-0.2859,inf,-inf
0xbb04cd7c53ad88242d5fe571f678c05ba35a91a6,1,1,0.02,1.0,0.0,-0.2713,inf,-inf
0xbb05ab67a038f65a77f6288ad64db2389cd435eb,32,11,9947.7,0.9425193763382489,0.21875,-0.38427500000000003,0.0724040349303376,-0.4566790349303376
0xbb2627dbd029b606a01b1253cc32cc7f84b332bc,3,1,760.67,0.43207961402447836,0.6666666666666666,0.39266666666666666,0.258459754012969,0.13420691265369766
0xbb50004b5ef7221aadf731a7d4cd4839a99b449b,1,1,0.55,1.0,1.0,0.6463,inf,-inf
0xbb696eace86142c334b4ada580dac8de71c01a62,1,1,0.04,1.0,0.0,-0.2881,inf,-inf
0xbb85da3413435f21e8a8c02330263623f483d98b,3,1,0.03,0.33333333333333337,0.6666666666666666,0.25160000000000005,0.5119,-0.2603
0xbb97b6a44334a3cf6fbf38ad92de1a2cf4e0424a,2,1,0.01,1.0,0.5,-0.005950000000000011,0.76975,-0.7757000000000001
0xbba2d817aba93d8623a114dd7d261f50d3d9e801,5,1,0.02,1.0,0.6,0.14926000000000003,0.3761436462310642,-0.2268836462310642
0xbbc5536e63547f9453dfb16fbd583c6c41aa1ca1,2,1,0.1,1.0,0.0,-0.2859,0.0,-0.2859
0xbbe1bbe09365725148dc7fee649432f8bbff6767,1,1,0.08,1.0,0.0,-0.2729,inf,-inf
0xbbe841c906446cdbe03dcfc7f374ee8c5349702d,2,1,2.14,0.009345794392523372,0.5,0.005949999999999955,0.6356499999999999,-0.6296999999999999
0xbc046b72f98920d81fd6c4e5e5426f3284cb7db6,3,1,0.03,0.33333333333333337,0.6666666666666666,0.25160000000000005,0.5119,-0.2603
0xbc21c4fab9a659896fa711fb589e3188b3ef123b,1,1,0.02,1.0,0.0,-0.2729,inf,-inf
0xbc472a777eeb9fc646b21a8122a94ab0764d6cc8,1,1,0.02,1.0,0.0,-0.2861,inf,-inf
0xbc4b4c680037c0338205925aa086bd076e973f9c,8,3,1092.03,0.8697471681180919,0.375,-0.12055,0.18792376968942945,-0.30847376968942947
0xbc52f11835904d9d6c17687ea4f5b87fecd7256d,1,1,0.01,1.0,1.0,0.3336,inf,-inf
0xbc7e3499fb1432963c61ae12ce8cc2d13557ad7d,2,1,2.14,0.009345794392523372,0.5,0.005949999999999955,0.6356499999999999,-0.6296999999999999
0xbc9c48ba97ca9e42b2eac4f6f673d19eca6dd5c5,14,4,5322.74,0.26810251862762413,0.6428571428571429,0.028842857142857163,0.09485667483003828,-0.06601381768718112
0xbcd6a32a2840c7e7511a1d29e5eea9ff08018826,11,2,6011.91,0.05291995389152536,0.18181818181818182,-0.4066272727272727,0.15502207472773857,-0.5616493474550113
0xbcf0721eaeb5932b81fe35f65a09b25c4c8f3268,1,1,0.01,1.0,0.0,-0.2756,inf,-inf
0xbcf9fe68a626a1dfa65d8622d670b56e3c01ba00,2,1,0.01,1.0,0.5,-0.0041999999999999815,0.7679999999999999,-0.7721999999999999
0xbd015a010f5df0519021949481aca79b7ab50bb7,1,1,0.1,1.0,0.0,-0.2713,inf,-inf
0xbd082b882a640d12e525ecce5912fdc71c9a151b,1,1,0.01,1.0,0.0,-0.2733,inf,-inf
0xbd74abcade386b44b13c1d0b768337c03858fde4,1,1,0.02,1.0,0.0,-0.2729,inf,-inf
0xbdd7224535aee5debfc40b61c30c2d0c129c9187,7,4,1518.24,1.0,1.0,0.10959999999999999,0.02383607709814204,0.08576392290185794
0xbdfbcea479a0d69b771b1a7c95f1a8c46196593e,1,1,0.1,1.0,0.0,-0.2728,inf,-inf
0xbe2ccf1ede16b572a44a08fe69b14ba7b0349d72,1,1,1.11,1.0,0.0,-0.0552,inf,-inf
0xbe5d308936786c4dd06ab18259d71cb0d79a7c3b,1,1,1.0,1.0,0.0,-0.782,inf,-inf
0xbe670e5bc8ec5caceaa787ef0a91cbcd426eb933,18,3,598.51,0.9851297388514813,0.05555555555555555,-0.17257777777777777,0.052205853574306516,-0.2247836313520843
0xbe781fd4e4b72ac4b97f6e3d68230f882722b793,2,2,0.56,1.0,0.0,-0.4511,0.29309999999999997,-0.7442
0xbe7fc48de237c6f152fb1db4c0a905449ddd3473,1,1,0.1,1.0,0.0,-0.2859,inf,-inf
0xbed544cecbf7bf4d351494eeedca3475e1b71d19,2,1,0.01,1.0,0.5,-0.004100000000000048,0.7716000000000001,-0.7757000000000001
0xbf03a1bf611b097e997fbdc817c9ea851577fc65,3,2,49.129999999999995,0.01852228780785672,0.3333333333333333,-0.06553333333333333,0.2811518233584442,-0.3466851566917775
0xbf33b6a5c191e3e2da0c06f91992dc1819db2a8f,11,3,21685.510000000002,0.07331762084451784,0.45454545454545453,-0.048518181818181835,0.15128246297342524,-0.19980064479160708
0xbf33d9115a39cbbdc4d7502bdc78b2dcacd36671,9,2,1438.4999999999998,0.14120264164059784,0.4444444444444444,-0.049733333333333324,0.1411118695298954,-0.19084520286322873
0xbf39db2483d38531cdec199b78b11c0789b9468a,1,1,0.1,1.0,0.0,-0.2882,inf,-inf
0xbf63d6be319e3dea076568828a66c2d1f52a5a4f,2,1,0.01,1.0,0.5,-0.01589999999999997,0.7797,-0.7955999999999999
0xbf7bd84bedad4b604af90e4a2ac1754a8dd158a9,503,21,20.24,0.6264822134387352,0.6222664015904572,0.16491133200795233,0.022116951626746612,0.1427943803812057
0xbfa1902360b3bccc23917598b42f5a11457ccddc,2,1,0.01,1.0,0.5,-0.00379999999999997,0.7918,-0.7955999999999999
0xbfd46c0db8c4bed14d71962b6b18126064c7bda4,1,1,0.27,1.0,1.0,0.7257,inf,-inf
0xbfe5a6586328f1ab07489389fb3d1cd27d23ddcd,1,1,1.0,1.0,1.0,0.11839999999999995,inf,-inf
0xbfe63b5be714594b48b9882c3f6a7a9535a4753e,1,1,0.02,1.0,0.0,-0.2713,inf,-inf
0xc01d5279ee6d2f3a06e3e435f6ae7cbc1db36fad,2,1,1.9100000000000001,0.10994764397905762,0.5,-0.04144999999999999,0.62245,-0.6638999999999999
0xc0456f52186f14a3929b311d05a727da891e21cb,1,1,0.02,1.0,0.0,-0.2881,inf,-inf
0xc04c1a578f7970bfbece9f97855b01a25c73b605,2,1,0.01,1.0,0.5,-0.0042999999999999705,0.7681,-0.7724
0xc097210d45c80831e7210800b11aa0a29b7832b5,1,1,0.12,1.0,0.0,-0.7756,inf,-inf
0xc0ad24aee582fea16425a3aad9be24c53213d41e,2,1,0.01,1.0,0.5,-0.005950000000000011,0.76975,-0.7757000000000001
0xc0b20ace45a9de1d0ceac6dd4a5218dcabd49988,2,1,0.01,1.0,0.5,-0.004349999999999965,0.76785,-0.7722
0xc0c0071a6297b793eef725a55df4c55fb5da1ca9,1,1,0.04,1.0,0.0,-0.2881,inf,-inf
0xc0c5d85a0b8f94a3e77754b1c19849723201e71b,1,1,0.04,1.0,0.0,-0.2857,inf,-inf
0xc0db46fcdc011b4ea2bc29bc2571736690eea085,3,1,5.02,1.0,0.6666666666666666,0.24526666666666666,0.494203269021069,-0.24893660235440232
0xc0e35abf760357c2821d5b1506b4dd973d7956ce,2,1,0.01,1.0,0.5,-0.0041999999999999815,0.7679999999999999,-0.7721999999999999
0xc1004fad5ae612f59c51d0061844ca3e094de92f,1,1,0.03,1.0,0.0,-0.2713,inf,-inf
0xc1357025335a9f731e57ac6abe03ea7b33c1b46b,6,3,11600.0,1.0,1.0,0.43598333333333333,0.05962800469950713,0.3763553286338262
0xc1419bc766a6b905f738e66993d80093c59ce338,1,1,0.02,1.0,0.0,-0.2882,inf,-inf
0xc20c3ccd49e06eda6c336539abc16714872be2bd,1,1,0.35,1.0,1.0,0.23570000000000002,inf,-inf
0xc22b18e4b641e25fe41d566cb0957ae9b51bb9cd,2,1,0.01,1.0,0.5,-0.005850000000000022,0.7698499999999999,-0.7757
0xc232b4c82bfeeea02c7b66686ce6b67eb212939a,5,4,50.36,0.6552819698173153,0.2,-0.16421999999999998,0.1974303634196118,-0.36165036341961176
0xc25560c3aff795408e47dd3c3f75ad09e47cbbd6,1,1,0.1,1.0,0.0,-0.7756,inf,-inf
0xc2ae10af5ad16c72f21c3f803b90b0e2a8996374,17,3,4559.450000000001,0.9811731678162934,0.9411764705882353,0.11442941176470589,0.01997448697107852,0.09445492479362737
0xc2af605871a5b0e6d199f96a6a9982c136d4ea50,1,1,0.04,1.0,0.0,-0.2881,inf,-inf
0xc2ba653480dc08e5038581e56578b627ebcd986b,3,1,2500.0,1.0,1.0,0.4220333333333333,0.09253354947140946,0.32949978386192386
0xc2bef17ca6c9cfdc2e9520ad494ee790125eb81c,1,1,0.31,1.0,1.0,0.7248,inf,-inf
0xc2cad5b9947528b76634398cdb911a9054b8e620,1,1,0.02,1.0,0.0,-0.2729,inf,-inf
0xc30491fb2ec3def4ddfa943c82cdb512cf66678c,1,1,0.07,1.0,0.0,-0.2654,inf,-inf
0xc309716cb346472d72e84f544e64503daf486701,1,1,0.17,1.0,0.0,-0.2861,inf,-inf
0xc310c8ad0be34a6eb0712fb7ebade7fbf623c050,2,1,0.01,1.0,0.5,-0.005950000000000011,0.76975,-0.7757000000000001
0xc328609fb0438cfa087029e445e1acda05e66a26,1,1,0.06,1.0,0.0,-0.2756,inf,-inf
0xc32f2de7c42d2db060e77a3602a6eef7c97faf66,1,1,0.02,1.0,0.0,-0.2882,inf,-inf
0xc355fbe135ac5e8a0d5767e24393dd3cbdfed3c6,1,1,0.02,1.0,0.0,-0.2728,inf,-inf
0xc375add25fdc83aaac7701690ce1dadcea19afd8,1,1,0.02,1.0,0.0,-0.2882,inf,-inf
0xc37992251b30bb6baa306f5632c7aec93405c100,1,1,0.02,1.0,0.0,-0.2882,inf,-inf
0xc3af20a38f10998b9d047bc67437b6e38a4297d4,2,1,98.53,0.014919313914543783,0.5,-0.0027500000000000024,0.18715,-0.1899
0xc3b187214778d2b90916851cba43f70213c9a9f3,316,11,212511.31,0.8822765715387101,0.12658227848101267,-0.07272120253164557,0.014896373101014477,-0.08761757563266005
0xc3b289d0dd28a11aad66d56c172ef7693cdbcecc,2,2,2.0,1.0,0.5,0.2625,0.4225,-0.15999999999999998
0xc3b9f0f92bd695355a2f3f6f6ef2f78ceb62b714,2,2,20000.0,1.0,0.5,-0.2762,0.3887,-0.6649
0xc3d3fbf2da5bce33be69960b6ff7c4ee21640dfa,3,2,107.74,1.0,0.0,-0.3542,0.14366201075208898,-0.497862010752089
0xc40e1944395222e8e49950b729051e8e1c665a0f,2,1,0.01,1.0,0.5,-0.0041500000000000425,0.77155,-0.7757000000000001
0xc411bf59a64a002be34a079d2b5067e684feb1ca,1,1,0.02,1.0,1.0,0.5857,inf,-inf
0xc412fdbe9956c2e242e8b45fae131c3e8598592d,2,1,16.56,0.20772946859903385,0.5,-0.03130000000000002,0.15069999999999997,-0.182
0xc430d226d40117822b848e9bec41122541428732,3,1,59.879999999999995,0.8336673346693387,0.3333333333333333,-0.18413333333333334,0.18594541612467294,-0.3700787494580063
0xc4318ec7953fd337a15dd12234940731ce6ebfbe,1,1,0.01,1.0,0.0,-0.2756,inf,-inf
0xc43f9a72afb3474dadb2bd9f198f0e1fe172ce18,7,6,170.93999999999997,1.0,0.2857142857142857,-0.0723857142857143,0.14500557695115998,-0.21739129123687428
0xc45c0734b12f8f9ff562bb02f49566ee82d9eeb7,20,13,7204.0,1.0,0.2,-0.18089,0.09504391945998329,-0.2759339194599833
0xc4627a8f8435e94adf6a8be7129d64b64b4eb3cc,1,1,0.07,1.0,1.0,0.36539999999999995,inf,-inf
0xc4a1a6bbb190a3fd01c783b8836132e708fa631e,1,1,0.08,1.0,0.0,-0.2728,inf,-inf
0xc4abd78e7a0c8593d2f88eb2b611f6ab97402453,1,1,0.17,1.0,0.0,-0.2861,inf,-inf
0xc4df90dd041444607ea0a7908239e180b611afd1,1,1,0.08,1.0,0.0,-0.2883,inf,-inf
0xc501a0653178bf22b76842aed91aaa5a85b7a0d5,1,1,0.08,1.0,0.0,-0.2728,inf,-inf
0xc510f1c8321807de11379f9685972b3bf52dbd20,2,1,0.01,1.0,0.5,-0.005950000000000011,0.76975,-0.7757000000000001
0xc531286e5aabb8b474480cedf8497a7ef1fbd1a9,1,1,0.03,1.0,0.0,-0.2713,inf,-inf
0xc533890bb558d7810824b7d9f5f5b9cc52f4c1fc,1,1,0.07,1.0,0.0,-0.2728,inf,-inf
0xc541e35d217f0fd43321f84e79b62d5f6e9a3025,1,1,0.1,1.0,0.0,-0.2729,inf,-inf
0xc5927a9339d0245937634bc74b5a35b60bed3d84,1,1,0.01,1.0,0.0,-0.2859,inf,-inf
0xc5958c8bc9dad9fee3d01cd5d938be300084c9a4,2,1,16.14,0.023543990086741007,0.5,0.002700000000000001,0.11719999999999998,-0.11449999999999999
0xc59c8446b3d53c9b43594c70fbb4bc867b5ba10a,1,1,0.14,1.0,0.0,-0.2861,inf,-inf
0xc5e07e6dc10cbfa3cfe7cda834502f9a4f7fba56,2,1,196.43,0.018174413276994313,0.5,-0.009000000000000008,0.5022,-0.5112
0xc5e4d496b718e27babc8faddfb67133d2f6fd923,1,1,0.25,1.0,0.0,-0.2861,inf,-inf
0xc60f2230bff3345664f90b490b991a895ef3aafd,1,1,0.04,1.0,0.0,-0.2654,inf,-inf
0xc6247623f6290c7d90b7ea2a9a34f73d62829359,2,1,0.01,1.0,0.5,-0.0041500000000000425,0.77155,-0.7757000000000001
0xc63574d50c47fe3645ec9029034abce419c7c92b,1,1,0.05,1.0,0.0,-0.2797,inf,-inf
0xc654fb6982c289d431b78cbd9c49477f0556e657,3,1,2066.6000000000004,0.03590438401238751,0.3333333333333333,0.015766666666666707,0.04161619609932865,-0.025849529432661944
0xc66e8e86ad78d7fc4f60283da75aa6fc2300cafe,241,5,11936.8,0.39130085114938673,0.6016597510373444,-0.019021576763485478,0.021257612641704903,-0.04027918940519038
0xc69d273cbef03b5795564087dfbcaedf91c81477,2,1,0.01,1.0,0.5,-0.005950000000000011,0.76975,-0.7757000000000001
0xc6c9a2d06fec78f870c8b7ae92d24272d0935a22,2,2,2500.0,1.0,1.0,0.61775,0.01255000000000006,0.6052
0xc6d7962704e54ed10feecd3562025f9503da29f1,2,1,1.9900000000000002,0.06532663316582914,0.5,-0.02410000000000001,0.6354999999999998,-0.6595999999999999
0xc6ed77e92d2e9ec00fb05e87bd5eeec9f987d218,2,1,0.01,1.0,0.5,-0.005950000000000011,0.76975,-0.7757000000000001
0xc6f19c76a2cce4bd8218ad80b3dbfb636ce4e5e8,3,1,269.43,1.0,0.0,-0.5808666666666666,0.0774134857617055,-0.6582801524283721
0xc6fab471a87cd3a822d625ecc64ef19b3bad7709,2,1,13.59,0.049300956585724795,0.5,0.011249999999999982,0.22904999999999995,-0.21779999999999997
0xc723a289ca10af1f3412c827296a8107f39183fd,2,1,0.01,1.0,0.5,-0.005850000000000022,0.7698499999999999,-0.7757
0xc732741b7c13c5c25f6f85081c8bb11b84c4afbd,2,1,1.9100000000000001,0.10994764397905762,0.5,-0.04125000000000001,0.62235,-0.6636
0xc733665fd0241ea0e4c36b935541fc88d6e6ad22,1,1,0.08,1.0,0.0,-0.2713,inf,-inf
0xc75f9f2b42ace6f4cb4170854e29b9bffed2b095,1,1,0.07,1.0,0.0,-0.2756,inf,-inf
0xc77a779c1f22634efef9f3024849882427b7a6d5,2,1,0.01,1.0,0.5,-0.005950000000000011,0.76975,-0.7757000000000001
0xc7ae44884cf6f5d665bbfd244f6f621d815765b0,2,1,0.01,1.0,0.5,-0.004349999999999965,0.76785,-0.7722
0xc7f091ae39811bbc5cab192e179175c30107875c,1,1,0.08,1.0,0.0,-0.2883,inf,-inf
0xc8042caff9e7c8bce059ae9a95dce92b5c9213a7,1,1,0.05,1.0,1.0,0.13870000000000005,inf,-inf
0xc811e684f80f9f6b9797988b51557723eb9f0350,1,1,0.13,1.0,0.0,-0.7756,inf,-inf
0xc82015096fa2bbb410c45112cba254fbc7ab95dd,2,2,0.8799999999999999,1.0,1.0,0.68555,0.08194999999999997,0.6036
0xc853dbea9c511ead1a59679e0853940b760002df,1,1,0.17,1.0,0.0,-0.2861,inf,-inf
0xc854c8921d8acbe10263443638d857701cd0b5be,6,2,3263.6,0.470284348572129,0.5,-0.15451666666666666,0.1636833007500901,-0.31819996741675677
0xc866618ba5fd4c4644c65ce1e6869482304e6343,2,1,0.01,1.0,0.5,-0.004100000000000048,0.7716000000000001,-0.7757000000000001
0xc870a1bab8e0e63e2007b7a035b45277e1a9f9f3,1,1,0.04,1.0,0.0,-0.2733,inf,-inf
0xc891fc077dbc2d0ccd22965537b561b27ceac75e,5,3,164.85,0.556687898089172,0.4,-0.15661999999999998,0.14063820035822414,-0.29725820035822414
0xc897427a38afd65bbe0ba62a78d9fe4425478415,2,1,0.01,1.0,0.5,-0.0041999999999999815,0.7679999999999999,-0.7721999999999999
0xc8a3560cbc1aa139d37b22977d57c1a4b88d0571,1,1,0.17,1.0,0.0,-0.2861,inf,-inf
0xc8b34890205defde6f0f8f1ed1f38c289038a7d7,4,2,72.51,0.5755068266446006,0.5,0.12384999999999999,0.20685563605245727,-0.08300563605245728
0xc8c16c92d28415e49b4dd22e577d3ab4fe17baa9,1,1,0.04,1.0,0.0,-0.2713,inf,-inf
0xc8d7d0f7617efb3c05165819bde06850d1d33cb3,1,1,0.17,1.0,0.0,-0.2861,inf,-inf
0xc903eefe7811f6d24a91703414ad1489d842cb49,2,1,0.01,1.0,0.5,-0.006199999999999983,0.77,-0.7762
0xc91a8dbc4bea445df6c78c855e0c49df6e593073,1,1,0.18,1.0,0.0,-0.2861,inf,-inf
0xc9703975171616a2d33ba973bd3990e037a08c0e,2,1,0.01,1.0,0.5,-0.004349999999999965,0.76785,-0.7722
0xc9835f5f8cf6896542dbc115f6e93a8dc0335bc4,1,1,0.08,1.0,0.0,-0.2728,inf,-inf
0xc9c71eda4f646b80cede961c32fe438eb86df975,2,1,0.01,1.0,0.5,-0.005950000000000011,0.76975,-0.7757000000000001
0xc9c746e0d39cebaea8e79910dae05f5b7f7e77a3,1,1,0.3,1.0,0.0,-0.2857,inf,-inf
0xc9cbd7a00e8381d79660af657a33d52e544d61a9,1,1,0.01,1.0,0.0,-0.2713,inf,-inf
0xca1c5aaaf5c4ef1264af1aedbff2a64f299c9576,2,1,0.01,1.0,0.5,-0.006299999999999972,0.7701,-0.7764
0xca4aa130babfb81c7d65283e10c99336dfac490c,18,3,38914.81,0.9811480513460044,0.05555555555555555,-0.3838388888888889,0.04009527145925603,-0.4239341603481449
0xca62d607db80661b987badf01abb499eee5afbfa,14,8,3760.3999999999996,0.7353153919795767,0.7857142857142857,0.11993571428571428,0.08257666474994307,0.03735904953577121
0xca7e4fca6da9c83e38ed63bcbcb94226218471db,1,1,0.06,1.0,1.0,0.139,inf,-inf
0xca85e6e15dc71d8127dcea87039ff59ff2797b47,1,1,0.11,1.0,0.0,-0.6385,inf,-inf
0xca9c502ce750a549f881df7c4bd73e0300ed5833,2,1,0.01,1.0,0.5,-0.0041999999999999815,0.7679999999999999,-0.7721999999999999
0xcaaf6cb38125f66942b96c6eb0313a0e8067e8c3,1,1,0.02,1.0,0.0,-0.2728,inf,-inf
0xcae1ddfc9d33fb66001a1f1ee10f52f5fd48abd4,52,13,6170.759999999999,0.5851078311261498,0.5,-0.1359846153846154,0.05787142933449381,-0.19385604471910922
0xcae703741cb19b91282df5dc830a626a6ab8a113,7,6,750.0,1.0,0.8571428571428571,0.19374285714285713,0.1275609319523192,0.06618192519053792
0xcb91b2f07f5fff7fc2427e1e877ff5b3e6893ffa,90,2,5656.33,0.8741233273164757,0.9,0.16195444444444443,0.013955873043713977,0.14799857140073044
0xcba4e149f392b03c71c19ffdeec2d9c8ad566d89,3,1,0.03,0.33333333333333337,0.6666666666666666,0.25160000000000005,0.5119,-0.2603
0xcbbd3ddddcf1229b38626bd2dedb0907b2057c6d,2,1,0.01,1.0,0.5,-0.004100000000000048,0.7716000000000001,-0.7757000000000001
0xcbc7c4c3c1c06ad97e3f6a5a9088ae8317b58f89,20,6,2390.51,0.3184383248762816,0.55,0.106815,0.11071106997258082,-0.0038960699725808234
0xcbdf67ddde45cc4ba413ea284fa31a583d2623ae,2,1,0.01,1.0,0.5,-0.004100000000000048,0.7716000000000001,-0.7757000000000001
0xcc0563d2f92cfb534ebcf8390a6d17b0d8534150,2,2,11.0,1.0,0.5,0.04319999999999999,0.4206,-0.37739999999999996
0xcc13a81563f6efb8b3841e95320ffe613429e879,1,1,0.17,1.0,0.0,-0.2859,inf,-inf
0xcc26ffec10c31d0bc69bed8f377544027e6ad0c9,1,1,0.08,1.0,1.0,0.36539999999999995,inf,-inf
0xcc535fb9e5866d288558bb5003afec66686f6f88,16,6,31248.33,0.5579194152135489,0.5,-0.14505625000000003,0.09607805375871485,-0.24113430375871486
0xcc981817252726c3f476bc62f6e959b9c0b038ad,1,1,0.04,1.0,0.0,-0.2882,inf,-inf
0xcca381e103d287b2f82e1497903c2f5b7c3162c5,2,1,2.2,0.03636363636363629,0.5,0.023749999999999993,0.62205,-0.5983
0xccbf837b03e949e347133b84e114c5ec7f28efe9,1,1,0.27,1.0,1.0,0.7252000000000001,inf,-inf
0xcce5f778f542cf73ef909d37bd4c00472a274da1,2,1,200.0,1.0,0.0,-0.226,0.0025000000000000022,-0.2285
0xcd029132debbebd46203dd420949b5a8dcda038b,2,1,1.9100000000000001,0.10994764397905762,0.5,-0.041749999999999954,0.6217499999999999,-0.6634999999999999
0xcd05db1938f961fe400862024ef7e8dd7dda33f1,2,1,0.01,1.0,0.5,-0.005950000000000011,0.76975,-0.7757000000000001
0xcd0ed49dfd3f578e2d9d573b77968bdc87e8eb43,2,1,0.01,1.0,0.5,-0.005950000000000011,0.76975,-0.7757000000000001
0xcd13abef7ecaf8178e9823a539a241c3a78598cf,1,1,0.1,1.0,0.0,-0.2654,inf,-inf
0xcd31f8270d83d030c6eb1a9309560330351fc9aa,2,1,2.26,0.03539823008849551,0.5,0.023799999999999988,0.6221000000000001,-0.5983
0xcd42863545733bf7c3631cd4d574819185ba1514,1,1,50.0,1.0,0.0,-0.1331,inf,-inf
0xcd500d60f657ac946c32389a047a7abf6551c2aa,1,1,0.04,1.0,0.0,-0.2797,inf,-inf
0xcd51b2fcde0c0d8b01e516cf1d7cdf6f1ebd7dba,2,1,2.2,0.03636363636363629,0.5,0.023249999999999993,0.62265,-0.5994
0xcd78c6d32e934053c9c3d071ca44f3e309cdcba5,2,1,1.87,0.11229946524064174,0.5,-0.042149999999999965,0.6221499999999999,-0.6642999999999999
0xcd9096e1b94caa1a04e7d5824469b868b1f45c9b,2,1,0.01,1.0,0.5,-0.0041999999999999815,0.7679999999999999,-0.7721999999999999
0xcddfc51a11f4f4ecd563fa3493222fcda3345967,2,1,163.25,0.3874425727411945,0.5,0.22970000000000002,0.40719999999999995,-0.17749999999999994
0xcdefeee3129c7bccf549e7223c00a66733f1e1f7,1,1,0.01,1.0,0.0,-0.2733,inf,-inf
0xcdf44baee48444e810319efd05b3ce9c85a14540,2,1,0.01,1.0,0.5,-0.0041500000000000425,0.77155,-0.7757000000000001
0xce0ee88f0afc34c0c76d889c4fbe7add59db74c7,2,1,1.85,0.11351351351351355,0.5,-0.042149999999999965,0.6221499999999999,-0.6642999999999999
0xce4cc147f625b6fa2e8bd873ec94ab5e8cf19857,6,1,209.9,0.0062887089090043905,0.5,-0.000716666666666671,0.05865689738735856,-0.05937356405402523
0xce561a8e10ab490339e53c230c9ba53886c9a0f1,1,1,0.04,1.0,0.0,-0.2642,inf,-inf
0xce669d3f696af2f8b7277f2bd6ec040f306b67a1,1,1,0.08,1.0,0.0,-0.2729,inf,-inf
0xceb45574fc749d1bad9174feed405ff8647d1569,1,1,0.11,1.0,0.0,-0.2859,inf,-inf
0xceb50f111d4a42c186cc7455e50d191173c4896c,3,1,0.03,0.33333333333333337,0.6666666666666666,0.25160000000000005,0.5119,-0.2603
0xceddccb061d9a0f6715dd695318896efc62575d0,8,1,1001.0,1.0,0.0,-0.225125,0.0039183975405405564,-0.22904339754054054
0xcef42d1a756ab5193a5dd0996c635c59fc316c83,12,4,982.0,0.745417515274949,0.6666666666666666,0.1823416666666667,0.12242265861421128,0.059919008052455425
0xcef8576f9c83757ada94080eb0bdf16d69a70df6,2,2,88.86,1.0,0.5,-0.01940000000000003,0.13169999999999998,-0.1511
0xcefac4b1edbd9c5255275c583fcf2d2e01ec5b26,2,1,0.01,1.0,0.5,-0.0041500000000000425,0.77155,-0.7757000000000001
0xcefe8ddfb43620ecccee00ca38cbe5a3c548f25b,3,1,0.03,0.33333333333333337,0.6666666666666666,0.25160000000000005,0.5119,-0.2603
0xcf0fb7b980b422410cb46601a529c1c4a2226c67,2,1,0.01,1.0,0.5,-0.0041500000000000425,0.77155,-0.7757000000000001
0xcf35f1e666b192cf64528ab081fa922bcfa61f8d,1,1,0.02,1.0,0.0,-0.2713,inf,-inf
0xcf3827024ecc5f87b8dac37a9ba27c2799e335b1,2,1,0.01,1.0,0.5,-0.005850000000000022,0.7698499999999999,-0.7757
0xcf44b474d909869d83113ad72bebde7a9152f8cd,1,1,1.0,1.0,1.0,0.5803,inf,-inf
0xcf763d5b5f3140775593f8d213c6afb4dfe99ad6,2,1,0.01,1.0,0.5,-0.01589999999999997,0.7797,-0.7955999999999999
0xcf9d9da2ed225dee28f320d97f2e8c17d5518b92,2,1,0.01,1.0,0.5,-0.0041500000000000425,0.77155,-0.7757000000000001
0xcfb64da62b20ab5b803e3129a51d3a35bf99b409,3,1,0.03,0.33333333333333337,0.6666666666666666,0.25160000000000005,0.5119,-0.2603
0xcfba8124aedab125bb88ceec4592ea8973d24757,1,1,0.1,1.0,0.0,-0.3828,inf,-inf
0xcfdbe7f11527cfc9c5a10445d54e367d946f5437,2,1,152.77,0.3091575571119984,0.5,-0.14944999999999997,0.48555,-0.635
0xcfe3600b1c1e3f3e2f3ce7e76ad019e4be13fe19,1,1,0.36,1.0,1.0,0.645,inf,-inf
0xd0002c3da5bc810fe096668b64dd2f3b39d74606,1,1,0.02,1.0,0.0,-0.2713,inf,-inf
0xd03d1260984c390d33a5e549fc7b257b7e67857e,1,1,0.09,1.0,0.0,-0.2883,inf,-inf
0xd040f08c334c25b95ff4990e6285a9d051649ebd,1,1,0.01,1.0,0.0,-0.6388,inf,-inf
0xd049f2a02f77f9acf88b6583215863a15efac5d4,1,1,0.01,1.0,0.0,-0.2882,inf,-inf
0xd073d1f2ba0ef78d92a4ee4d8f439132b82c478c,6,2,632.67,0.947302701250257,0.3333333333333333,-0.021333333333333353,0.10601795026210314,-0.1273512835954365
0xd07cae79c2aa89812bc648f61e8479721da89c20,2,1,0.01,1.0,0.5,-0.0041999999999999815,0.7679999999999999,-0.7721999999999999
0xd07fcf4f49ca2bf37bb084d4dd7704de31fb4d0c,1,1,10.01,1.0,0.0,-0.6038,inf,-inf
0xd07fdd52a64121fecf0ccf28c2e183d3a30ef227,1,1,0.02,1.0,0.0,-0.2713,inf,-inf
0xd094f868a993f8827fa335c290eefbc3ab764969,2,1,0.01,1.0,0.5,-0.005950000000000011,0.76975,-0.7757000000000001
0xd0a1a3425262c927943d2cc354451bf56e0dca89,2,1,0.01,1.0,0.5,-0.01589999999999997,0.7797,-0.7955999999999999
0xd0db79306c38e8ce1969ce80dde58fa67a67b117,27,13,530.41,0.9924586640523371,0.9629629629629629,0.09715555555555555,0.01082826881399202,0.08632728674156354
0xd0f436fa9ce6d4d00836197134b109d841561bc1,2,1,0.01,1.0,0.5,-0.005950000000000011,0.76975,-0.7757000000000001
0xd0fcc0f14dc3e237044ebaa047af03caf16dce01,1,1,0.01,1.0,0.0,-0.2859,inf,-inf
0xd114cdb676b893aa25b29b0906bd861627f0beb6,2,1,2.14,0.009345794392523372,0.5,0.005949999999999955,0.6356499999999999,-0.6296999999999999
0xd11673b61fb16aa721729f6b84ffc8b9341bbe32,12,1,4453.0,1.0,1.0,0.11149999999999997,0.010410622488884164,0.10108937751111581
0xd11c9fbb4e409efe1387970cb2977a6e3944b385,3,1,0.03,0.33333333333333337,0.6666666666666666,0.25160000000000005,0.5119,-0.2603
0xd1345545c116d264350b9f5cb168252ecd00f8f4,2,1,0.01,1.0,0.5,-0.005950000000000011,0.76975,-0.7757000000000001
0xd13fffd9debe07b8cf36427843f754c3f4912ff1,3,1,6.37,0.05808477237048667,0.6666666666666666,0.14186666666666667,0.29138225943099405,-0.14951559276432738
0xd18c12b67a36a94164a5aab37b3890db22b0ec24,1,1,0.1,1.0,0.0,-0.7756,inf,-inf
0xd1997fcd2362c7a5daa986e711936a589ef7c7d0,1,1,0.02,1.0,0.0,-0.2881,inf,-inf
0xd1acd3925d895de9aec98ff95f3a30c5279d08d5,431,12,45390.73,0.4096168975471423,0.6032482598607889,0.07665962877030164,0.016876766989037607,0.05978286178126403
0xd1e812cea828b41035ee56cdcd3fcedc12bd69c7,2,1,0.01,1.0,0.5,-0.0041500000000000425,0.77155,-0.7757000000000001
0xd1fed8388b076e7a79bc9dbcb93cc57af824b06d,20,4,2827.99,0.3557402961113724,0.6,0.04055499999999997,0.05795937482636572,-0.017404374826365747
0xd23960b4698e01153390fac156635f653fa9727a,1,1,0.04,1.0,0.0,-0.2712,inf,-inf
0xd25fc77341e89ead46205dcf932928557ac4bce8,2,1,1377.12,0.017776228651097875,0.5,-0.011200000000000043,0.6315,-0.6427
0xd275ef38830f5adde53b49c5b4330d5a25f37fd8,1,1,0.01,1.0,0.0,-0.2729,inf,-inf
0xd276d32d3e262b08466429fc450dd31b911004aa,1,1,0.01,1.0,0.0,-0.2729,inf,-inf
0xd289923c6fd31b689348ae5463ee693d62d99740,1,1,0.1,1.0,1.0,0.643,inf,-inf
0xd29593357b953f37f342bf0e1ffdfe11112977b2,1,1,0.17,1.0,0.0,-0.2861,inf,-inf
0xd299b7fcfa8bfa4b09a2b01094b1891be9f0a8e9,1,1,0.04,1.0,0.0,-0.2756,inf,-inf
0xd29dd2b5672e396a2c7d1c439cf977c073339274,1,1,0.02,1.0,0.0,-0.2729,inf,-inf
0xd2a95895e979d2cc6e0abf4c63f929d7cc71743d,1,1,0.03,1.0,0.0,-0.7485,inf,-inf
0xd2ab5c42bb58fc0cc86f6dd2cce52664456d2d73,1,1,0.16,1.0,0.0,-0.1582,inf,-inf
0xd2c86951879fc24b9fc4f8b4491fc4d59907f448,2,2,8.74,1.0,0.0,-0.46704999999999997,0.0003499999999999892,-0.4673999999999999
0xd303105da757049f54a0b4fbea1c4f7fa514f13a,1,1,0.07,1.0,0.0,-0.2756,inf,-inf
0xd31b871795d8d9547e33715419ff8a23f90c21f8,2,1,2.14,0.009345794392523372,0.5,0.005949999999999955,0.6356499999999999,-0.6296999999999999
0xd344b040634179f8edf8901272b408c7f69e8a35,2,1,0.01,1.0,0.5,-0.005950000000000011,0.76975,-0.7757000000000001
0xd346593dc9731bb10a39e04e2050d491bfce5f7d,2,1,11.780000000000001,0.018675721561969418,0.5,-0.009500000000000008,0.47719999999999996,-0.48669999999999997
0xd394ef46eeedbd453b360a63a4debf2ed4d52cce,1,1,0.02,1.0,0.0,-0.2861,inf,-inf
0xd39a1144903e7f0d5563bcba192d8256101af3fb,2,1,0.01,1.0,0.5,-0.0041500000000000425,0.77155,-0.7757000000000001
0xd3cbfe0b6a9a37258fca59c245413c3cf58cb053,1,1,22.39,1.0,1.0,0.45640000000000003,inf,-inf
0xd43b3d279b3959e088c0638a5505e2e68e111ec3,1,1,1.1,1.0,1.0,0.42369999999999997,inf,-inf
0xd4631b3cfe5669aba5bc1d4a808a52b6006d1a4a,1,1,0.5,1.0,0.0,-0.2859,inf,-inf
0xd48e4b7ad042044d97f898977228a97a73de9171,1,1,0.1,1.0,0.0,-0.1579,inf,-inf
0xd4b36462ef93cec37e9d54b5cbd3d3dc980946a7,2,1,0.01,1.0,0.5,-0.01589999999999997,0.7797,-0.7955999999999999
0xd4c4e3fd6941e9ffd32d7fcd9f5608acf71a199c,2,1,0.01,1.0,0.5,-0.005950000000000011,0.76975,-0.7757000000000001
0xd51f9ae4820f7b54821c45676a2b4ab75776a6d4,2,1,2.2,0.03636363636363629,0.5,0.023599999999999954,0.6219,-0.5983
0xd54c27f421c197fa00e8733d020ca5f4191154eb,2,1,0.01,1.0,0.5,-0.015949999999999964,0.7797499999999999,-0.7956999999999999
0xd54c80126d557f76e9c640d59677d301378959da,2,1,0.01,1.0,0.5,-0.0041999999999999815,0.7679999999999999,-0.7721999999999999
0xd54d374fe05e4d79ea6250cfe80696add6ae1adc,1,1,69.0,1.0,1.0,0.1089,inf,-inf
0xd55636d3dbde21d5d76483e9c0b0c6732480a815,1,1,0.02,1.0,0.0,-0.2713,inf,-inf
0xd563be5f4f576d60d5f66084a02ace48736f7e1a,1,1,0.04,1.0,0.0,-0.2756,inf,-inf
0xd5a1d1481a1800f9f730b806d1613cc5bd4cf380,1,1,0.03,1.0,0.0,-0.2712,inf,-inf
0xd5c9327ebc4bf03bc7391606f5754af8dba7406f,1,1,0.1,1.0,0.0,-0.2797,inf,-inf
0xd6040e2fb90ed2152c5eccc6679c0cd7c2554438,1,1,0.17,1.0,0.0,-0.1244,inf,-inf
0xd60e82bdfb8d17bebb8e63145a1a9ee6a623ea84,1,1,10.0,1.0,0.0,-0.2122,inf,-inf
0xd611c8d6061743d4f716679e3f23784a0b406eca,2,1,18.439999999999998,0.4577006507592191,0.5,0.29774999999999996,0.34985,-0.052100000000000035
0xd6311fc91a571841a232f93f675782ae7d60ab41,15,10,47499.42,1.0,0.8,0.3380933333333333,0.09924600050315888,0.23884733283017442
0xd635a5c8fb8382f0f67ae6fefa3a929b57c50d83,1,1,0.02,1.0,0.0,-0.2713,inf,-inf
0xd63b6c48ae8b3042b226ad01652c141f0eee1d90,2,1,0.01,1.0,0.5,-0.005950000000000011,0.76975,-0.7757000000000001
0xd6432b1c18e980110d4ccba23f8ba990dbdb0eeb,3,1,0.03,0.33333333333333337,0.6666666666666666,0.25160000000000005,0.5119,-0.2603
0xd671432d50285cd5d3f4b800b0a75e438acbeb42,6,3,618.6700000000001,0.22520891590023756,0.5,-0.09741666666666669,0.1400446629154825,-0.23746132958214922
0xd694b0c9a9431acef75aca820b5973c968da675f,2,1,0.01,1.0,0.5,-0.004349999999999965,0.76785,-0.7722
0xd696d9f4d06004879cf56e3487485080a1f0b240,2,1,1.87,0.11229946524064174,0.5,-0.042149999999999965,0.6221499999999999,-0.6642999999999999
0xd69a98ad5f018f8e717c641625787929d9e8605c,2,1,0.04,1.0,0.0,-0.2883,9.999999999998897e-05,-0.2884
0xd6a30203a712e5fe3f8e7b364e951b42fe6d894b,1,1,0.17,1.0,0.0,-0.2861,inf,-inf
0xd6a7d92f5f8051469cfe70c0c7b076ffd9a336a9,2,1,0.01,1.0,0.5,-0.005950000000000011,0.76975,-0.7757000000000001
0xd6c691e8efa5db3b0b6000e7fd60fd6bed376a1b,1,1,1.0,1.0,0.0,-0.6422,inf,-inf
0xd70f65b65c1f3b814875622ba9d6c733443b0a00,1,1,0.08,1.0,0.0,-0.2642,inf,-inf
0xd71b381599a4439ec01c27cb16a5c80466004d01,2,1,1.96,0.02040816326530614,0.5,-0.011250000000000038,0.38455,-0.39580000000000004
0xd7368a94d409673b3af529219a52052687569d49,1,1,0.05,1.0,0.0,-0.2713,inf,-inf
0xd752e6ba8cd2513fa7e811f9b2c7e90b708118c1,55,8,2799.4700000000003,0.25711652562806525,0.6545454545454545,0.09308363636363637,0.04618962123160826,0.04689401513202811
0xd759f2d07b52b8f4442768696edc956ebd6c00fc,19,10,460.21000000000004,0.510353968840312,0.5789473684210527,0.0407578947368421,0.08975738491690914,-0.048999490180067044
0xd75e836c4d2c8645d072756d14b79bfcaf47a2d0,2,1,0.01,1.0,0.5,-0.01589999999999997,0.7797,-0.7955999999999999
0xd785fbd74ef772d38b70c271176d516ef8717c34,1,1,0.05,1.0,0.0,-0.2713,inf,-inf
0xd79af397bd4188262d94914904071f17aec28a0b,10,4,38.129999999999995,0.7833726724364019,0.6,-0.13660999999999998,0.12124156827498471,-0.2578515682749847
0xd7a308889d620b25f92fc7d2e9bf1c21d5cebf3c,3,3,3.0,1.0,0.6666666666666666,-0.13566666666666669,0.35604137087953386,-0.4917080375462005
0xd7bbd96a493c3ce97c73f667b131ef5d946a5e77,1,1,0.02,1.0,0.0,-0.2882,inf,-inf
0xd80166ccb1bc31a34909f2190d5f2c638a0a87ce,2,1,0.01,1.0,0.5,-0.004349999999999965,0.76785,-0.7722
0xd80af25b33337ec0bf49366512cf21df768a4625,1,1,0.02,1.0,0.0,-0.2712,inf,-inf
0xd8347343b222b675cf242cc9c9967176227f3321,1,1,0.27,1.0,1.0,0.7268,inf,-inf
0xd87d8b5db98a0cd46ebe4dcbf75eb340b77b6c87,5,1,2.3000000000000003,0.0608695652173913,0.6,0.14744000000000002,0.3754454642155103,-0.22800546421551027
0xd8d1293aa268ddaa62c47202b185bcabe4e2d1b4,2,1,0.01,1.0,0.5,-0.005950000000000011,0.76975,-0.7757000000000001
0xd8d353fa68ec22d2c1f29df176467a8acd6777d8,1,1,5.0,1.0,0.0,-0.4811,inf,-inf
0xd8d927c5e03bacc413a5432c22790de178095d39,28,4,5728.9400000000005,0.2549407045631477,0.6428571428571429,0.1566214285714286,0.07359386267349226,0.08302756589793635
0xd8dc2caa86e3d05ee4aff735228a7df7a2bd1cc8,1,1,0.02,1.0,1.0,0.7637,inf,-inf
0xd8ec491a2f1869483cbabd1812ea97159c536921,3,1,0.03,0.33333333333333337,0.6666666666666666,0.25160000000000005,0.5119,-0.2603
0xd907795ee76e6c4fceab28258f2ffdb03244e2fe,22,4,151.85999999999999,0.50138285262742,0.5,-0.12213636363636365,0.07106510750102493,-0.1932014711373886
0xd922513259f4b5a4c90781a1d50dd34d2ac41c70,6,1,140.76999999999998,1.0000000000000002,0.6666666666666666,0.19438333333333335,0.24661814804357862,-0.05223481471024527
0xd93ed6e46170a3adbc2bfe3dbee529aa8d45e616,2,1,2.2,0.03636363636363629,0.5,0.023249999999999993,0.62265,-0.5994
0xd9439104f20b7c35de5977e8f5606d256eb94c70,1,1,0.38,1.0,0.0,-0.2859,inf,-inf
0xd94ee839d0caa342158e5b85c2f831c28ac84099,2,1,0.01,1.0,0.5,-0.004349999999999965,0.76785,-0.7722
0xd95706591e7838d3fe4390d302c08ea3b8def309,1,1,0.05,1.0,0.0,-0.2881,inf,-inf
0xd97fc8c4a27f41ae36c852a543a3f925a3af1f6b,1,1,0.04,1.0,0.0,-0.2642,inf,-inf
0xd9aa06aef922920577c21e793a518d1b202c32ac,33,12,177.62,0.37675937394437564,0.42424242424242425,0.05086363636363636,0.062192925919555046,-0.011329289555918685
0xd9d958921284229e9d25565609b675342bd17953,2,1,2242.9,0.04305140666101919,0.5,0.04035,0.06325000000000001,-0.022900000000000018
0xd9ebd18cda03b7e8a857948a022e24c554a0c720,2,1,0.01,1.0,0.5,-0.0042999999999999705,0.7681,-0.7724
0xd9f9baa366c925fe760483fe6a951ac58f80afa7,2,1,0.04,1.0,0.0,-0.2712,0.0,-0.2712
0xda0895fdb39c7596f74df8693354ff47964572d4,7,6,375.0,1.0,0.2857142857142857,-0.14371428571428568,0.16248160984374496,-0.3061958955580306
0xda215eb7fc1ec26c19956ae74ae87f14f3a4c835,11,6,3791.25,0.7412990438509726,0.6363636363636364,-0.1133909090909091,0.1407691401192653,-0.25416004921017443
0xda24ffbe779ce664b2d10f0340a776c1ab806736,1,1,0.02,1.0,0.0,-0.2712,inf,-inf
0xda25c75848882edba951df6005c95b1ba63c74b9,1,1,0.01,1.0,0.0,-0.2729,inf,-inf
0xda75e05f29ed9e97f4420bafe11ba0323d27b8fd,14,3,449.57,0.7712035945458994,0.8571428571428571,0.12381428571428574,0.06357238917659218,0.06024189653769356
0xdaaf52fb4481783213af0de03288bdbd2ff847ab,1,1,0.04,1.0,0.0,-0.2865,inf,-inf
0xdaba1a8f232f128e7ad92c997067a4410e495718,1,1,0.27,1.0,1.0,0.7249,inf,-inf
0xdae1e2c625a6d9854b42aed20157fdc01d27951d,2,1,0.01,1.0,0.5,-0.004349999999999965,0.76785,-0.7722
0xdaf04f88ce21345f5a632c8ec48f2c8ca874003d,2,2,100.0,1.0,0.0,-0.2912,0.1098,-0.401
0xdb40ef58bb0b93b399f0184e26c38e19b53fc1da,1,1,1.0,1.0,1.0,0.06269999999999998,inf,-inf
0xdb5652560ef2d403b06d099bc3f3321880ba7243,2,1,0.01,1.0,0.5,-0.0041500000000000425,0.77155,-0.7757000000000001
0xdb9ce3231304f12b1ad759ccc0a23afed12d11b5,1,1,30.0,1.0,0.0,-0.6364,inf,-inf
0xdba34d99fbea19ed7f446d0cab106c2e255e795c,2,1,0.01,1.0,0.5,-0.004349999999999965,0.76785,-0.7722
0xdbaece23b50b23335f5b01fccd004bb631c4118a,2,1,0.01,1.0,0.5,-0.005950000000000011,0.76975,-0.7757000000000001
0xdbc4a2ed220a69cd9d5693013a0331e83d76afdb,1,1,2.0,1.0,1.0,0.254,inf,-inf
0xdbc5eb77d54176e5441ed331a9ac3b45d8e76375,1,1,0.04,1.0,0.0,-0.5841,inf,-inf
0xdbd0fdca19831ebfe2ff6a3b91b2d06bc96c39c9,1,1,0.15,1.0,0.0,-0.156,inf,-inf
0xdc118cb573f1161bb88fb84b0d1b6c30faf82d7a,21,6,203.54999999999998,0.7964136575779907,0.8095238095238095,0.2957857142857143,0.07679899902798656,0.21898671525772775
0xdc43614d8afa18863f0ec7a83b9d0b6536a22525,2,1,0.01,1.0,0.5,-0.005950000000000011,0.76975,-0.7757000000000001
0xdc8d49e3317dab913726f10c75a6dff742c784bc,18,3,6115.0,1.0,0.9444444444444444,0.16920555555555553,0.05022479693281626,0.11898075862273927
0xdc954701edb68369f461f554c36864dbae2b751f,1,1,0.01,1.0,0.0,-0.2733,inf,-inf
0xdcad9821db140943d241c76675ca30dde54b6b95,1,1,0.02,1.0,0.0,-0.2882,inf,-inf
0xdcb1aa758a7cb26d0763b374ef1fcab05c50a217,3,1,122.57,0.3706453455168475,0.3333333333333333,-0.2326666666666667,0.4502872428918136,-0.6829539095584802
0xdcc3a928ad649a8d5b5a06367c3a63c398b065e9,10,5,4707.74,0.03407579857851115,0.5,-0.006190000000000006,0.1752552439855779,-0.1814452439855779
0xdcd962e5da7c9506bba32ea99cfff18a3e9a35d4,19,13,212.34,1.0,0.0,-0.2448105263157895,0.05912449393709805,-0.30393502025288754
0xdcfabd22bd1296e66bbe3044b50ce8b9223399c3,1,1,0.02,1.0,0.0,-0.2713,inf,-inf
0xdd25600b7d662f30feace53551a643d0cc757ded,2,1,0.01,1.0,0.5,-0.004449999999999954,0.76825,-0.7726999999999999
0xdd31cde7e821481898742a144d6fbef913d345b0,2,1,439.96000000000004,0.3639421765615056,0.5,-0.19740000000000002,0.5855,-0.7829
0xdd33112d3c6c080e7b4de050ce6b9ddd3b6dabc1,1,1,0.03,1.0,0.0,-0.2733,inf,-inf
0xdd3b1202cf9fb66f83f63153dddae1627ba7572b,1,1,0.04,1.0,0.0,-0.2797,inf,-inf
0xdd6097f590512f9bf334838e1853352e0a3e0041,1,1,0.07,1.0,0.0,-0.2756,inf,-inf
0xdd73de65ec2e98360e838fe79cb4190882f6f19c,3,1,2.3,1.0,0.6666666666666666,0.1338666666666667,0.28613333333333335,-0.15226666666666666
0xdd751ee232d92d6708653c7ece5c9b2c3367b291,1,1,0.5,1.0,0.0,-0.1582,inf,-inf
0xdd81493dcb5e3ce89f38f51f0d96ed6a8ac11ad1,2,1,0.01,1.0,0.5,-0.0041999999999999815,0.7679999999999999,-0.7721999999999999
0xdd8e67a862bd81067891ad41e86e9673229ef023,5,4,933.95,0.9143423095454789,0.8,0.33846,0.2064669649120653,0.1319930350879347
0xdda10b81a320fb4c606564b6a93b159a38046659,1,1,0.1,1.0,0.0,-0.2728,inf,-inf
0xde1818acce208f3133075dc61080983545151350,2,1,0.01,1.0,0.5,-0.004100000000000048,0.7716000000000001,-0.7757000000000001
0xde3ab8a6ec07233eb51fd3bd242a62070716242f,2,1,0.01,1.0,0.5,-0.0041999999999999815,0.7679999999999999,-0.7721999999999999
0xde3c26c412b60743b995d1c86394b90c718207b5,2,1,0.01,1.0,0.5,-0.0041999999999999815,0.7679999999999999,-0.7721999999999999
0xde4de0f8046ef7fe8b43cdb0cd51b6c55a5c21e3,2,1,0.01,1.0,0.5,-0.005950000000000011,0.76975,-0.7757000000000001
0xde926deb191d6b3d53d3fd7fbf47ceb50457d290,2,1,0.01,1.0,0.5,-0.005950000000000011,0.76975,-0.7757000000000001
0xde9533a0f91fa485742a21fda410ccdcf5810f6f,1,1,1988.0,1.0,1.0,0.6139,inf,-inf
0xdea784658e690320ac664a368cab833da24244f3,1,1,0.02,1.0,0.0,-0.2881,inf,-inf
0xdead2bad8ba9cc1155b4c7ecb7cb377254d3c5b8,281,3,6967.32,0.20750015787993087,0.501779359430605,-0.02622562277580071,0.026856786401104664,-0.053082409176905376
0xdf0035f392ad283b3f4c7aad2ad0212ea7010704,2,1,62.5,0.010559999999999946,0.5,0.006950000000000012,0.65345,-0.6465
0xdf13e05d78739c0a9439563a889357031b3e6baa,1,1,0.02,1.0,0.0,-0.2713,inf,-inf
0xdf49a373f333b7b2c260e65b79d1ce239c9d36c7,2,1,98.24000000000001,0.023615635179153095,0.5,-0.008900000000000019,0.6218,-0.6307
0xdf80d930ec41ea8b5d6f019c3d571e18978fb9ab,4,2,5039.25,0.5554894081460535,0.5,0.33655,0.224328421813495,0.11222157818650502
0xdf9dacef5a40d374984b77086e2e9282a99afdc6,1,1,0.1,1.0,0.0,-0.2728,inf,-inf
0xdfd1ec7a046f1a9e168791f1fdb5c6c33f575f73,4,1,0.02,1.0,0.5,-0.004274999999999973,0.44327510715694385,-0.4475501071569438
0xdff9f2b5f406e011b5f5c1794bbdfb690d9d56ec,1,1,25.0,1.0,1.0,0.7018,inf,-inf
0xe032fef6dbc538cefafdcfa7e20a49894d6b7e77,10,5,3515.13,0.9942363440327953,0.7,-0.05183,0.14073526451383028,-0.19256526451383027
0xe03db5c44f79df6f4be1954ef30da82dc395189a,14,7,3628.82,1.0,0.5,-0.22265714285714286,0.11838919598867366,-0.34104633884581653
0xe0520b1f4a8f42def838264f2b61b6ac3b03317f,1,1,0.08,1.0,0.0,-0.2729,inf,-inf
0xe0be784faa3d91b64381ba45ba8a81c0ed4819ca,3,1,0.03,0.33333333333333337,0.6666666666666666,0.25160000000000005,0.5119,-0.2603
0xe0d475089c3cad485642a12f7ed1cd130831410d,4,1,1435.21,0.3380759610091903,0.25,-0.22754999999999997,0.22971737889560437,-0.4572673788956043
0xe0f3208b94bbd4d1a3dee319d4d574747297d82c,44,5,121660.51000000001,0.07511286941013147,0.4318181818181818,-0.044225,0.06820827327053199,-0.11243327327053199
0xe106f52b5a18fee6d26c64b559759822b69f2676,1,1,0.04,1.0,0.0,-0.2756,inf,-inf
0xe11b4c31fa2f69361f622e111f77e0cde8d27152,1,1,0.04,1.0,0.0,-0.2654,inf,-inf
0xe11eb7d36b97d110d18eaa92179211de0e13f40e,10,4,62741.71,1.0,0.7,0.40756000000000003,0.11906886728089569,0.2884911327191043
0xe1a98ffdc91f2479d58eb28994743783d53aed35,3,1,0.03,0.33333333333333337,0.6666666666666666,0.25160000000000005,0.5119,-0.2603
0xe1aff568c9ce89fbd38e89071515f1d75aefd23b,13,10,636.3600000000001,1.0,0.9230769230769231,0.11628461538461539,0.07560120729445198,0.04068340809016341
0xe1d427fe79c59059847a4620221ef8a9560ace4a,1,1,0.04,1.0,0.0,-0.2797,inf,-inf
0xe1e1716558318ab6b0346280573c8683244e68d1,2,1,0.01,1.0,0.5,-0.0041999999999999815,0.7679999999999999,-0.7721999999999999
0xe210cc958ed400125467dae31fbb62415e56191f,2,1,0.01,1.0,0.5,-0.005950000000000011,0.76975,-0.7757000000000001
0xe2a0d4425eb7f0c96934086a6f856c804ff56e68,2,1,0.01,1.0,0.5,-0.004349999999999965,0.76785,-0.7722
0xe2b1fc269d0c2e27da11fadd1d9596fe28227d2a,170,25,26187.78,0.8349566095331487,0.7058823529411765,0.15742235294117649,0.0281032951922613,0.1293190577489152
0xe2b2b6fb04be1be528edf8ac31827b42289659ce,1,1,0.02,1.0,0.0,-0.2713,inf,-inf
0xe2b550f726a8cb2fdc463f30355753f1f9d93608,1,1,0.17,1.0,0.0,-0.2861,inf,-inf
0xe2b8eeae09c8b998202874f3be3be7887fcd710c,1,1,0.2,1.0,0.0,-0.2019,inf,-inf
0xe2bdfbc6d828284435ae80c33b670e041b02b4ab,2,1,0.01,1.0,0.5,-0.01589999999999997,0.7797,-0.7955999999999999
0xe2de3bd38c49e84abf9da423406ea77cf5e69cc5,1,1,0.02,1.0,0.0,-0.2882,inf,-inf
0xe2de3cc222d5c7e91e71754ce7a7e5f21fbd8c23,2,2,0.04,1.0,0.5,0.02200000000000002,0.31020000000000003,-0.2882
0xe2ec94f2dea7f34dd0865e8987f24b84d6fb43cf,4,1,0.02,1.0,0.5,-0.004274999999999973,0.44327510715694385,-0.4475501071569438
0xe306c0f1422ec91e8bb61de2d82a7a121869df73,2,1,53898.2,1.0,1.0,0.06605,0.03975,0.026299999999999997
0xe313943eed6256edaeedb5d0ea7dc13db450116b,1,1,20.0,1.0,0.0,-0.6505,inf,-inf
0xe336e3376dfece78e90d82c0020a479f43fa4baa,2,1,0.01,1.0,0.5,-0.005950000000000011,0.76975,-0.7757000000000001
0xe3403ddade53d0e8af7b9a3a66385f7ce0c49177,2,1,0.01,1.0,0.5,-0.004100000000000048,0.7716000000000001,-0.7757000000000001
0xe35d9474b2b1ea0d71c5ba6d242e7dec7e5688d0,2,1,2.2,0.03636363636363629,0.5,0.023249999999999993,0.62265,-0.5994
0xe383e369933988078fd6dd9c36aa37d810717574,1,1,0.0,0.0,0.0,-0.2713,inf,-inf
0xe3904ccf85795d083db7d5537806260495c4c860,1,1,0.02,1.0,0.0,-0.2881,inf,-inf
0xe3950a4f8c7bc4f96c843068e82cb5c9d18be58f,1,1,200.0,1.0,0.0,-0.6629,inf,-inf
0xe40eb14b97353b98f1136a486f0b1130ee3aa3a0,2,2,0.44000000000000006,1.0,0.5,0.2833,0.44139999999999996,-0.15809999999999996
0xe42af5003e66a6be226bc223f255af86307cbf9e,1,1,50.0,1.0,0.0,-0.2887,inf,-inf
0xe4717422e208d847bd31b8366a18e93d7c8b8e64,1,1,10.0,1.0,0.0,-0.0467,inf,-inf
0xe47fd63e0fe1d0258fb4537b7890a9833d14807d,2,1,40.0,1.0,1.0,0.4308,0.04089999999999999,0.3899
0xe4aff3054a1e0f9807a9aa4eb8e63d1ea518042a,1,1,0.18,1.0,0.0,-0.2861,inf,-inf
0xe4c505a0ebb114c5ae593f17d16d1fb71ac3388b,1,1,0.2,1.0,1.0,0.4021,inf,-inf
0xe4e6d6e14e8a2e7d4de8842b5e62ee7fa31c8b52,1,1,0.02,1.0,0.0,-0.2861,inf,-inf
0xe517e6cbdfd3aa82f70043e4b50c8258eb70e632,1,1,250.0,1.0,1.0,0.1301,inf,-inf
0xe527da5eb6b858281bda7dad84b4e2f489bbb472,1,1,0.03,1.0,0.0,-0.2713,inf,-inf
0xe53b3096d47d774befe373ff7e1a6d965d4611a2,1,1,0.02,1.0,0.0,-0.2881,inf,-inf
0xe561251bc01cd75b984b1a8592f7c3b356538631,2,1,1.9300000000000002,0.10880829015544044,0.5,-0.041749999999999954,0.6217499999999999,-0.6634999999999999
0xe567b0cb3d7a7264ed7e74c3ebc0601dc11032a5,8,2,338.26,0.662803760420978,0.625,0.201125,0.1344942188746947,0.0666307811253053
0xe583c029c4803701c843c287265676ac315459b8,3,1,0.03,0.33333333333333337,0.6666666666666666,0.25160000000000005,0.5119,-0.2603
0xe5d994c2fd1c6e29d917aae1568cd4158c2a3c5d,2,1,0.01,1.0,0.5,-0.004349999999999965,0.76785,-0.7722
0xe5ee8d9c6990f00be01315a2796ebaea9d30a4d9,1,1,0.05,1.0,0.0,-0.2859,inf,-inf
0xe5f78d6544999f3c85192a7334beac5d4c7aaee6,2,1,0.01,1.0,0.5,-0.01589999999999997,0.7797,-0.7955999999999999
0xe6035d4da6d5e0a7f0dac9ce4f02eb4a711173f2,1,1,0.01,1.0,0.0,-0.2713,inf,-inf
0xe6391b458f8ec2fb2e32fb88e18188b7c70df36f,1,1,0.02,1.0,0.0,-0.2883,inf,-inf
0xe6468e15a94559320551bcf043664a6fe8efc55c,2,1,2459.23,0.6265253758290197,0.5,-0.29919999999999997,0.4775,-0.7767
0xe6642b21d859d6c60f21b0a388e744a61f70f06f,3,1,0.03,0.33333333333333337,0.6666666666666666,0.25160000000000005,0.5119,-0.2603
0xe6668e21546ad1ba6a911456dfd02b3f4be58cd7,2,1,14.530000000000001,1.0,0.5,-0.058250000000000024,0.42374999999999996,-0.482
0xe692a5b0248d76df2c21c7fde3046f4a9aa54ff1,3,1,0.03,0.33333333333333337,0.6666666666666666,0.25160000000000005,0.5119,-0.2603
0xe69ac5b5dbe847b3c479c419061846b799702215,4,2,216.07,0.018188550006942195,0.5,-0.006350000000000008,0.20741641489203952,-0.2137664148920395
0xe69c2186d933b0be9fd24d28f22e45904a77681a,2,1,0.01,1.0,0.5,-0.0041999999999999815,0.7679999999999999,-0.7721999999999999
0xe69e169a6c2be32c42246f7757c7dfcb02d6da75,2,1,105.92,0.018126888217522674,0.5,-0.0013499999999999832,0.07665000000000002,-0.07800000000000001
0xe6ca35b65cc831ea9c54a27087ca6773f9847940,2,1,1.9100000000000001,0.10994764397905762,0.5,-0.04139999999999999,0.6224999999999999,-0.6638999999999999
0xe6d4d647400ab5951faa821b99b03cc5408cf63d,1,1,0.01,1.0,0.0,-0.2713,inf,-inf
0xe6ea5c137aee9ccd0b7f7f9e22fc578fe668a71c,2,1,0.01,1.0,0.5,-0.005850000000000022,0.7698499999999999,-0.7757
0xe6f0bcad743aca1d8eab31b3e72019f222267f00,20,2,6172.2699999999995,0.5567368245394321,0.8,0.08875,0.04923819949463712,0.039511800505362876
0xe6f88018716b9c62e26584acaaed8f13cbdc302b,1,1,0.1,1.0,0.0,-0.2728,inf,-inf
0xe7139110c274f43161d646a6df1e29f91812d385,1,1,0.04,1.0,0.0,-0.2881,inf,-inf
0xe72a8c30867a9b89614aa140178eae441a7e4495,2,1,0.01,1.0,0.5,-0.005850000000000022,0.7698499999999999,-0.7757
0xe740fccc89d0e155cb45dfdfa9740217494b60bd,10,2,93.57000000000001,0.1817890349470984,0.6,0.11717000000000004,0.1428767596761473,-0.02570675967614726
0xe786d7e6349fb2a1721acacd12523cc09063f1ea,7,5,32.7,1.0,0.2857142857142857,-0.24505714285714283,0.14528327314519834,-0.39034041600234115
0xe7b013179c69a7455f8087d10cd6a43cb9fa6a65,1,1,0.15,1.0,0.0,-0.1561,inf,-inf
0xe7cd93e88d0961586daae5ae53fdf10e24a6df2b,2,1,0.01,1.0,0.5,-0.004349999999999965,0.76785,-0.7722
0xe7d1a663ee868d7a79c5acd95f5f0d52681eff06,2,1,0.01,1.0,0.5,-0.0041999999999999815,0.7679999999999999,-0.7721999999999999
0xe7d653594ef29c1d066bb13719b17b4daedf6e76,2,1,1.85,0.11351351351351355,0.5,-0.042149999999999965,0.6221499999999999,-0.6642999999999999
0xe7eea09d19b98f35a52d25944877f322ca510afa,2,1,3267.58,0.22414753426082915,0.5,-0.11825000000000002,0.52755,-0.6457999999999999
0xe7f39455930656e41238f1c49ded005509a51d99,1,1,0.02,1.0,0.0,-0.2883,inf,-inf
0xe7fcd81ae9cf9b47bd7f0837fa4426e5deba6d16,1,1,0.05,1.0,0.0,-0.2859,inf,-inf
0xe800a4caf0c7e1198d2ee6aaf9de36103dbefde4,1,1,0.17,1.0,0.0,-0.2859,inf,-inf
0xe824fb94e08549d61b71a77fe522012bca580987,1,1,0.04,1.0,0.0,-0.2733,inf,-inf
0xe84e45197c9731709eefbe11c02be4effab91e5c,1,1,0.02,1.0,0.0,-0.2883,inf,-inf
0xe86fdbc2d15106d41810e3440c03721243b7b1f2,2,1,2.06,0.06796116504854374,0.5,-0.024400000000000033,0.6357999999999998,-0.6601999999999999
0xe87f1f6399fe9d85b8165c7d3e3538ad83c6350f,2,1,215.06,0.05868129824235099,0.5,0.04135,0.7045499999999999,-0.6631999999999999
0xe899b5ea69afb161da7a35597b6fe70398860899,15,5,17906.08,0.9634258307792659,0.9333333333333333,0.16844666666666666,0.05055158785756027,0.1178950788091064
0xe8c04059f52dd704da1ee9ca8c5798b0187eaf60,1,1,50.0,1.0,0.0,-0.6646,inf,-inf
0xe8c5c447035bf6e052d49622217d63add58c4c3c,26,6,49487.25,1.0,0.3076923076923077,-0.3031384615384616,0.058809742017909054,-0.36194820355637064
0xe8e1b45c863c0fba7e1251a6b6aca6946bfcfd6d,2,1,0.01,1.0,0.5,-0.0041999999999999815,0.7679999999999999,-0.7721999999999999
0xe8e46bdb46513ffa3306564303f375f005a5b676,311,21,28603.120000000003,0.37189439473735736,0.4983922829581994,-0.010775884244372994,0.021216374460929496,-0.03199225870530249
0xe8e896595dea39b84a4c1c0cd588802ad89dc7c6,1,1,0.1,1.0,0.0,-0.2712,inf,-inf
0xe93a90990e945c143997185403094d9587ec6232,1,1,0.07,1.0,0.0,-0.2713,inf,-inf
0xe947420bbf033b8f316ef205f6754363afa37e62,1,1,0.1,1.0,0.0,-0.2859,inf,-inf
0xe95a367dce171c47fe6aaf5a1650b3dba6e21285,1,1,0.17,1.0,0.0,-0.2861,inf,-inf
0xe95a8fd48c74eff11f9fd47f88100633411bbc38,1,1,0.04,1.0,0.0,-0.2654,inf,-inf
0xe9760aeffb46ed4788945f7e6f9d208b26b0334b,1,1,0.1,1.0,0.0,-0.2729,inf,-inf
0xe9938b0175af32bf620fc87f5a74cc98bb4449fc,1,1,77.23,1.0,0.0,-0.6608,inf,-inf
0xe9a195fe325be1662a080ed7a4570723ed1439f3,1,1,0.3,1.0,0.0,-0.2857,inf,-inf
0xe9a1eb5cf9e069579185c5fa6ff9506cd5ba8552,1,1,0.1,1.0,0.0,-0.2728,inf,-inf
0xe9a23e963a83d2a2b2a51f9873a9127f307f56c4,1,1,0.04,1.0,0.0,-0.2728,inf,-inf
0xe9f5ee8f252f1645276d575976c4eb7e2ce38191,1,1,0.05,1.0,0.0,-0.2654,inf,-inf
0xea3c21822b72d574b9605e18278111e4a42f559e,13,1,6381.139999999999,0.6056127901910945,0.7692307692307693,0.04061538461538461,0.034260002930369904,0.006355381685014705
0xea7f43c766cf25c0f3ed8be01cd6dd69953ec4d3,2,1,15.5,0.020645161290322598,0.5,0.002899999999999986,0.1384,-0.1355
0xea84e98f316a370f2cfdabb9eea3abb789ae8449,1,1,0.04,1.0,0.0,-0.2865,inf,-inf
0xeaadbe1ce3f164a6e3cae5759c424e81f5f3fecc,1,1,0.54,1.0,0.0,-0.2861,inf,-inf
0xeaed371f2a55a29a6118a880c2d963dde49d3339,6,1,1853.95,1.0,0.0,-0.6509166666666667,0.0028263541493906644,-0.6537430208160574
0xeaf404bc0e1be1f4c793b9e504cd15f372fcab67,51,1,54394.530000000006,0.4297180249558181,0.6078431372549019,-0.09176078431372549,0.06053199530427779,-0.15229277961800328
0xeb04e6526711548a52877beea55e5f366ad56e3f,1,1,0.04,1.0,0.0,-0.2865,inf,-inf
0xeb3acafad2dbac17d6e34661deed9b1de8f9e003,1,1,0.01,1.0,0.0,-0.2882,inf,-inf
0xeb4c5fd8d67960ec46be0b9473a8cf0073b18250,1,1,0.14,1.0,0.0,-0.2861,inf,-inf
0xeb640bbab672f06675c124a20f07a2ab3c1fc928,1,1,0.03,1.0,0.0,-0.2733,inf,-inf
0xeba35639678735c38b6ce87fa137df7771188f77,1,1,0.02,1.0,0.0,-0.2713,inf,-inf
0xebc38664ae4a7c6d41fc6aa3849a9a000671ac30,3,1,8.89,1.0,0.6666666666666666,0.2361333333333333,0.4999986811093717,-0.2638653477760384
0xebdef2f92dae2b2eb52fb73a104fd98773d8d4ba,2,1,0.01,1.0,0.5,-0.005950000000000011,0.76975,-0.7757000000000001
0xebdf78b5f22601b5ef34d4415571277f315a7530,1,1,1.0,1.0,0.0,-0.1111,inf,-inf
0xebfe3472f40cf32d7c312aa73c396c1308657cd4,3,1,0.03,0.33333333333333337,0.6666666666666666,0.25183333333333335,0.5137677177263844,-0.26193438439305106
0xec2adea03dc11d3adb227097ec362026f1950704,2,1,0.01,1.0,0.5,-0.005950000000000011,0.76975,-0.7757000000000001
0xec36a872451aeeaea82c58c6e3c7a2b96114635d,1,1,0.15,1.0,0.0,-0.2861,inf,-inf
0xec61950ebc7bf30019c7e4c09a2b1ea735d34ec0,1,1,0.02,1.0,0.0,-0.2883,inf,-inf
0xec741eadf88a91a26e3faa65024d64233e2c1e01,8,7,1200.0,1.0,0.375,-0.32548750000000004,0.13418088595716607,-0.4596683859571661
0xeca9a928c109c8291783bc1bf04d9388001dd01b,2,1,0.01,1.0,0.5,-0.005950000000000011,0.76975,-0.7757000000000001
0xecbdcbb20eeee8b0d3f8199a8f1ef8cd8a5c81f9,1,1,0.18,1.0,0.0,-0.2861,inf,-inf
0xecc773e242bbabb662f9c0b6eeef51b0a33fec3a,3,1,40.22,1.0,0.6666666666666666,0.1868,0.44830005948397256,-0.2615000594839726
0xecd3186074b9e622363ed62440c7995753a29bd0,1,1,0.07,1.0,0.0,-0.2713,inf,-inf
0xecedd427547e519aaa0ff5156340b62eb622c854,2,1,0.01,1.0,0.5,-0.004349999999999965,0.76785,-0.7722
0xed259af7194543cdd5d77b14513a3d882fff2abd,3,1,0.03,0.33333333333333337,0.6666666666666666,0.25160000000000005,0.5119,-0.2603
0xed4285086b06cdc67ae701393575fc9d26b22ba4,2,1,0.01,1.0,0.5,-0.0041999999999999815,0.7679999999999999,-0.7721999999999999
0xed609f34a3f40b50828cdbae4cd84402c5f211a4,1,1,0.01,1.0,0.0,-0.2861,inf,-inf
0xed6cfe2f5ee20542f1183b83ecb822bcb2d63a40,1,1,8.99,1.0,0.0,-0.6716,inf,-inf
0xed95922a876965f62ac77588d662027bd3c3d0ba,1,1,0.06,1.0,0.0,-0.2712,inf,-inf
0xede55f07a909b0a38da6ba07752858d19ee05ec4,1,1,30.99,1.0,0.0,-0.1181,inf,-inf
0xee292607d48ecee93afc0fe9994fbe316f59c56d,135,21,45590.97,0.840594749354971,0.7481481481481481,-0.05379925925925924,0.032017314267927414,-0.08581657352718666
0xee2d60a3bd4bdf0c50a29fcf1de256711fb87974,37,1,394.46000000000004,0.04213354966283015,0.6756756756756757,0.15638378378378381,0.07299136251437156,0.08339242126941225
0xee90219a8d7082560722c0708ad183e40e897660,1,1,0.01,1.0,0.0,-0.2882,inf,-inf
0xee95f1d61e865b6a2b575d3f6f61eb1e4d01cef2,1,1,0.01,1.0,0.0,-0.2654,inf,-inf
0xeeb0d0686e327238b271ffd98319e3467f0f880f,2,1,1.9100000000000001,0.10994764397905762,0.5,-0.04194999999999993,0.6219499999999999,-0.6638999999999998
0xeef5d83550993adcd9ff212fca7a64c060b93cb5,2,1,1104.64,1.0,0.0,-0.5122,0.16569999999999996,-0.6779
0xef36b6b7250230e386ee73f869cd78670a354799,38,10,796.2800000000001,0.9094539609182699,0.07894736842105263,-0.09685,0.029082701459494386,-0.1259327014594944
0xef525de831c06aae231090f2baac39ba7623cd4b,53,13,94171.42,0.9346211408939145,0.5849056603773585,-0.1385358490566038,0.05131982899708297,-0.18985567805368675
0xef58d9e9d72384555d5d703858914ffee59a16fc,1,1,0.02,1.0,0.0,-0.2882,inf,-inf
0xef82a6be826054b802855d980a483d45a0652382,1,1,0.02,1.0,0.0,-0.2882,inf,-inf
0xf003507630d4c8992871c2d70c67230f15bf6f2e,1,1,0.27,1.0,1.0,0.725,inf,-inf
0xf01159688445b3aedff310dcbcb8ef5ce6f277d9,2,1,0.01,1.0,0.5,-0.005850000000000022,0.7698499999999999,-0.7757
0xf01589b982d1d71590f45d3c625c3b9ff18aa61a,1,1,0.08,1.0,0.0,-0.2883,inf,-inf
0xf0442b1206972c4247cd54574529cb311b7f2bba,3,1,0.03,0.33333333333333337,0.6666666666666666,0.25160000000000005,0.5119,-0.2603
0xf04ff2094b62842dc57d24d28614ad9ed6cde8ff,6,3,105.47,0.16317436237792737,0.5,0.11496666666666666,0.1887532086555823,-0.07378654198891563
0xf0665f059b36def7668424336e3199fedcf26c8b,1,1,10.0,1.0,0.0,-0.7174,inf,-inf
0xf075df426f5cc3267987ee0fd140b6bbea1228c0,2,1,0.01,1.0,0.5,-0.005950000000000011,0.76975,-0.7757000000000001
0xf0a9939a970513c503c500fbd7ed5eb823203b39,1,1,0.04,1.0,0.0,-0.2857,inf,-inf
0xf0cf684dce5dad74c4131e73a6f49c1a2848148b,2,1,124.38,0.3854317414375301,0.5,0.2248,0.4167999999999999,-0.1919999999999999
0xf0ed6a6f293fca7e634482b0e3c71483f546c7aa,1,1,0.1,1.0,0.0,-0.2728,inf,-inf
0xf0fde6164f59e698cc6893534f107f7511971538,1,1,0.08,1.0,0.0,-0.2729,inf,-inf
0xf1258092bc5809646cd9c94fea74b488d7032dc4,6,5,646.8,1.0,0.6666666666666666,0.12038333333333334,0.05514380241191612,0.06523953092141722
0xf1302aafc43aa3a69bcd8058fc7a0259dac246ab,467,26,359014.17,0.24126309554856842,0.48822269807280516,0.0031659528907922938,0.0200227904387989,-0.016856837548006605
0xf131107ac02877d1a35b6e918707631383db9b41,550,23,61.91,0.10644483928282988,0.6909090909090909,0.15153163636363637,0.01875979407630812,0.13277184228732825
0xf136a6fe0b41949a624aa442c4699b986b7ac1b7,1,1,0.07,1.0,1.0,0.36539999999999995,inf,-inf
0xf138d197f975dfc2be67addb45b902f15ad053b7,20,7,3126.54,0.28258074420925366,0.6,0.08113,0.0725268179437967,0.008603182056203293
0xf16783d41d91cafd48c932029d138635090ada3a,4,1,0.02,1.0,0.5,-0.004274999999999973,0.44327510715694385,-0.4475501071569438
0xf1702e9110f1bcf4a3f7eca61ba051556650467d,1,1,3.33,1.0,1.0,0.6323,inf,-inf
0xf18f338022da2ee5d6e71d7df69095ce5645294c,83,4,4604.42,0.9339200159846408,0.04819277108433735,-0.12202891566265059,0.00944331691163781,-0.1314722325742884
0xf191797b7519cbbec53d140feb6c90cc700f8dba,2,1,98.21000000000001,0.018226249872721707,0.5,-0.009050000000000002,0.50225,-0.5113
0xf1b4c0c77c13d33b1f1566f18d962360b0d5b2b4,1,1,0.03,1.0,0.0,-0.2713,inf,-inf
0xf1bb700a67e3e8a45dc8160a92f4e0405f41bf09,9,2,189.21,1.0,0.7777777777777778,0.2564777777777778,0.17193463937220269,0.08454313840557512
0xf1beeffdb92d6cbc173e4e4f5f537e2a5aeca96f,1,1,0.55,1.0,1.0,0.6589,inf,-inf
0xf1ce3805a4cbfda8c75a300f45e80e3d9abeab2c,1,1,0.3,1.0,0.0,-0.2861,inf,-inf
0xf1dff828da6c0c33eefacc5c01b4102700b14d4a,1,1,0.1,1.0,0.0,-0.2859,inf,-inf
0xf1f530d2266bbc3b8a873da8f03d027502da119b,1,1,0.2,1.0,0.0,-0.2861,inf,-inf
0xf1fa105c138ed9df78bc62da1016c37308d1366e,1,1,1.33,1.0,0.0,-0.0148,inf,-inf
0xf20cc011fc912fb4fdf38f374958e40b6ca7f66c,1,1,0.17,1.0,0.0,-0.2861,inf,-inf
0xf233abdc6887623bfceaad1e2a21dfb554ac6bce,2,1,1.9100000000000001,0.10994764397905762,0.5,-0.04189999999999994,0.6219,-0.6638
0xf234b3b52f6e172c1e243d73668d41185c4dd735,2,1,0.01,1.0,0.5,-0.006249999999999978,0.7700499999999999,-0.7762999999999999
0xf247d2342886b959a5763444719b16d8099e2707,2,1,26.16,0.010703363914373131,0.5,0.006299999999999972,0.4153,-0.40900000000000003
0xf2b1b0b18462fcb763d28810df869784d4c91883,2,1,0.01,1.0,0.5,-0.005950000000000011,0.76975,-0.7757000000000001
0xf324d15bd9379d5c83d511589c21cff0a1bfbfb0,2,1,0.01,1.0,0.5,-0.005950000000000011,0.76975,-0.7757000000000001
0xf33a771c0f0497ffb0335471a79360fcdf45e986,6,1,135.79999999999998,0.170839469808542,0.3333333333333333,-0.030566666666666686,0.2175042048124843,-0.248070871479151
0xf36d6cafa86a380db3c3f43255220fbdf1e4714c,5,1,0.02,1.0,0.6,0.14926000000000003,0.3761436462310642,-0.2268836462310642
0xf3c30d2b9348ae8b2ea87461f183bc8d56104fde,2,1,0.01,1.0,0.5,-0.005950000000000011,0.76975,-0.7757000000000001
0xf3e870d1e5e44cb3d903c59996d4316e0b536e9a,2,1,0.01,1.0,0.5,-0.004100000000000048,0.7716000000000001,-0.7757000000000001
0xf3e96ed5e6a945d4b16def21e9308076b48be7ac,2,1,0.01,1.0,0.5,-0.004349999999999965,0.76785,-0.7722
0xf3fab5524c76e37d7ec93e6c2858caa5c51cced7,1,1,58.0,1.0,1.0,0.7836,inf,-inf
0xf42554c31954fdd065f75be5541f1b21d3d3840f,1,1,0.03,1.0,0.0,-0.2713,inf,-inf
0xf44bf7020603f25207252e77ef3dac732857ce46,1,1,798.27,1.0,1.0,0.13739999999999997,inf,-inf
0xf454a6b691bc7d699faa6406e56edab4ad792be4,11,3,8347.55,0.3155955939167781,0.45454545454545453,0.19605454545454545,0.12804779034239616,0.06800675511214929
0xf476a7d4f802e76ff08e3c983c6839a7243a5ee1,2,1,0.01,1.0,0.5,-0.0041500000000000425,0.77155,-0.7757000000000001
0xf50474744f9050fdaa7124775816f5c19f11871b,2,1,1.9100000000000001,0.10994764397905762,0.5,-0.04194999999999993,0.6219499999999999,-0.6638999999999998
0xf54361db4840e979a49e6d264ae9d4687bb16bee,2,1,0.01,1.0,0.5,-0.004349999999999965,0.76785,-0.7722
0xf548865279d2ba3c2c8ed7f5a8bf6be987ed147f,2,1,60.44,0.007279947054930531,0.5,0.004699999999999982,0.3583,-0.3536
0xf58e333d5eda6c1412ea9e41344dd48d4adfe436,1,1,0.75,1.0,1.0,0.44010000000000005,inf,-inf
0xf59e6c00f8b17681a60997f496dd16ff44120fae,1,1,0.17,1.0,0.0,-0.2861,inf,-inf
0xf5a56d74c430509497f18455a9ecf05a2464fb48,1,1,0.1,1.0,0.0,-0.2712,inf,-inf
0xf5b360218d51782c18219e26421e4cce1ce56f5d,1,1,1801.84,1.0,1.0,0.12139999999999995,inf,-inf
0xf5cfabc47a71098dbca6627313e3b5356066319b,2,1,0.01,1.0,0.5,-0.006249999999999978,0.7700499999999999,-0.7762999999999999
0xf5ff1f2c7872adf538fd0b8c6ee95e182a7187a7,2,1,0.01,1.0,0.5,-0.006249999999999978,0.7700499999999999,-0.7762999999999999
0xf6129c47f5ef4cab25f3aa67b5e3aaac77b15700,36,6,2094.56,0.6551161103047897,0.6111111111111112,0.06897500000000001,0.04622251690945058,0.022752483090549426
0xf618466d831107197c4d0deb820373c9ef010034,2,1,0.01,1.0,0.5,-0.0041999999999999815,0.7679999999999999,-0.7721999999999999
0xf61cdfa2407deb562f4643315cb786c9075437d6,4,2,578.9,0.13629296942477112,0.5,0.12805,0.18182253481531563,-0.05377253481531563
0xf63b9d60ea704bbfbc7be3c7731ce8f3ad81088d,1,1,0.05,1.0,0.0,-0.2859,inf,-inf
0xf63c73655bc5e06408071c41dfc3d22a04ec14fd,1,1,0.02,1.0,0.0,-0.2882,inf,-inf
0xf671b1566074fe010563c0ca639b4789406c841b,4,2,196.42000000000002,0.018226249872721707,0.5,-0.010724999999999957,0.23608353879859278,-0.24680853879859274
0xf6b003a778ef439cd82bdc7be538fda8de52a29b,1,1,2.5,1.0,1.0,0.3044,inf,-inf
0xf6e95d8d356abf0ca51b7643fe784ed78e0b13cc,1,1,0.01,1.0,0.0,-0.2729,inf,-inf
0xf7209f625562373fbb5642df64aa0405c7ed024e,7,3,5695.0,1.0,0.14285714285714285,-0.5313857142857142,0.11519792166728783,-0.6465836359530021
0xf723a4c3a92312a67f6b2f8ed9c81d50bb5dc3a7,1,1,0.13,1.0,0.0,-0.2859,inf,-inf
0xf755a205b7571d4d201ecabdb7813f6d0473ed73,1,1,0.01,1.0,0.0,-0.2712,inf,-inf
0xf75da4cf8974654f58ce8feae7b8b0f6505442ea,1,1,50.0,1.0,0.0,-0.5715,inf,-inf
0xf75db5883d861434cf25c76704c4d08f8b4fad63,2,1,0.01,1.0,0.5,-0.0041500000000000425,0.77155,-0.7757000000000001
0xf780406480aef6ee716261cb2668250369812f4c,1,1,0.1,1.0,0.0,-0.2859,inf,-inf
0xf784db42355f8e9181cd61d7872d29a6e66b94e5,2,1,0.01,1.0,0.5,-0.0041500000000000425,0.77155,-0.7757000000000001
0xf7b821a22067eab16f18df05a36d9cbddd7ddf55,2,1,0.01,1.0,0.5,-0.01589999999999997,0.7797,-0.7955999999999999
0xf7bd2d2258c1bc193c09622efb514c0caee9a56e,2,1,1.9900000000000002,0.06532663316582914,0.5,-0.02410000000000001,0.6354999999999998,-0.6595999999999999
0xf7e41198702020f18789a748e1284909024a1514,3,1,218.74,0.08567248788516044,0.6666666666666666,0.15236666666666668,0.1848390681406696,-0.03247240147400293
0xf7f4d9b91564d3fe97f18fcaefb5bb223ff694a7,2,1,1.9900000000000002,0.06532663316582914,0.5,-0.024400000000000033,0.6357999999999998,-0.6601999999999999
0xf84acbbd36a722e7c2ba1807133e41e0d358138d,4,2,1786.94,0.44266735312881234,0.5,-0.09887500000000002,0.2075224500907472,-0.30639745009074726
0xf88860a491cceaafa3c059772e9fa2c802928ea7,1,1,0.04,1.0,0.0,-0.2728,inf,-inf
0xf8b2add52dccd914c04b0c4327cb4f3c9940cd9e,1,1,0.1,1.0,0.0,-0.2654,inf,-inf
0xf8ba9cf7d2ec38f36d94d52a4ebb4555fddd54cc,7,3,103.02,0.2253931275480489,0.42857142857142855,0.053914285714285706,0.1539567447424785,-0.1000424590281928
0xf8bd64c7c6b38f08e6e8550d6d1643d66709004f,1,1,0.05,1.0,0.0,-0.2861,inf,-inf
0xf8c7428c106237d40eab625b50da8a5001650265,7,3,12042.63,0.9929201511629935,0.14285714285714285,-0.36681428571428576,0.13353653758709,-0.5003508233013758
0xf8de5b3a8655ade8e1301553b7e055628d2d80ce,1,1,0.04,1.0,0.0,-0.5778,inf,-inf
0xf947518647048cdd456082076f74e170de8de2df,4,1,16439.45,1.0,0.0,-0.472125,0.01655165525458607,-0.4886766552545861
0xf959ceed23d7691a40358849fc94fcd44c69f2e4,3,1,0.03,0.33333333333333337,0.6666666666666666,0.25160000000000005,0.5119,-0.2603
0xf961ae8abc1b0f2d3dd7d0148399708879986445,2,1,0.01,1.0,0.5,-0.006199999999999983,0.77,-0.7762
0xf983ed3b834ce8a38ef14ee735ec2432ecccd7fc,1,1,0.1,1.0,0.0,-0.2728,inf,-inf
0xf984212e65ff4ba92dc9b7fd3420ffe8d8507110,2,1,0.01,1.0,0.5,-0.005850000000000022,0.7698499999999999,-0.7757
0xf9a95353d63a54bb2b895e2e21cacc96ca99b379,1,1,0.04,1.0,0.0,-0.2728,inf,-inf
0xf9b69fc99a3ee3ef6ec8bffa8cf911a901546bb9,2,1,0.01,1.0,0.5,-0.005950000000000011,0.76975,-0.7757000000000001
0xf9b872a2e83c5500d0f568a4362d1adea4b88da6,2,1,24.0,1.0,1.0,0.19519999999999998,0.0297,0.16549999999999998
0xf9d8f0d16b5d8a7d60b979d271967e80b59a0824,1,1,0.04,1.0,0.0,-0.2712,inf,-inf
0xfa155ef2967463a871287d9381ae28447170e275,2,1,0.01,1.0,0.5,-0.004349999999999965,0.76785,-0.7722
0xfa4864b173b185eec54e6a07637b91fdafa85729,2,1,0.01,1.0,0.5,-0.004100000000000048,0.7716000000000001,-0.7757000000000001
0xfa4d606275a4dec2e7cf52b045864f207b936c9f,1,1,0.01,1.0,0.0,-0.2713,inf,-inf
0xfa842c14c98e5a21f523ee6f383fe351608ab546,3,1,197.89000000000001,0.08353125473748042,0.3333333333333333,-0.2023666666666666,0.4695724663043087,-0.6719391329709753
0xfa956ba0ddd2bade554759d2a4d5d40a055f8718,1,1,57.89,1.0,0.0,-0.7675,inf,-inf
0xfa9c35dd95f8bd1d5a7782eee90f5589661d5cb6,2,1,0.01,1.0,0.5,-0.0041500000000000425,0.77155,-0.7757000000000001
0xfabbe21802bd6a494c61be14802fa7e076d4ad34,2,2,300.0,1.0,0.0,-0.18619999999999998,0.10079999999999999,-0.287
0xfade3459ca95f5780c9b669e0233b8605cf8c493,1,1,0.01,1.0,0.0,-0.2859,inf,-inf
0xfae66a0b5e4d8c5b20f946d72b3744b74e216a7d,2,1,0.01,1.0,0.5,-0.005950000000000011,0.76975,-0.7757000000000001
0xfb2d274ca9728dd5d82bfe0335d46bf5ca58596d,1,1,0.75,1.0,0.0,-0.0762,inf,-inf
0xfb558d0e99a414a16f996facbdb145d2696e949d,1,1,0.04,1.0,0.0,-0.2881,inf,-inf
0xfb7358ce6a102d48c32615b4cf63d6ccfcefedac,1,1,0.08,1.0,0.0,-0.2728,inf,-inf
0xfb8368659f06743d8d74d30edda9e792ecb4d985,2,1,4.04,0.07920792079207922,0.5,0.014499999999999999,0.18299999999999997,-0.16849999999999998
0xfb918422095dbe5e3864705b8d6c4f637673997d,1,1,0.02,1.0,0.0,-0.2713,inf,-inf
0xfb98344f23526c429fd106498be24c772c0a46d0,2,1,15.41,0.03828682673588578,0.5,-0.02310000000000001,0.605,-0.6281
0xfbacd7bb88430053c556368068ef9fb9532ee4fb,2,1,0.01,1.0,0.5,-0.006299999999999972,0.7701,-0.7764
0xfbd34d1b5a16869cd867b7e6c363100ce92d909a,1,1,0.02,1.0,1.0,0.7637,inf,-inf
0xfbf54e97b102200b9c4156b70bb0a5a690b0ee9a,1,1,0.17,1.0,0.0,-0.2861,inf,-inf
0xfc4cbe319c689ddf20abee77a75f13cc3521c282,2,1,141.92000000000002,0.009864712514092384,0.5,0.001350000000000004,0.13874999999999998,-0.13739999999999997
0xfc5fafae8697263dc7f49b19b4f2467ca5d7b736,2,1,0.01,1.0,0.5,-0.0041999999999999815,0.7679999999999999,-0.7721999999999999
0xfc98d226ba2ed9e2096ef97f770eb008df5924c6,3,3,125.0,1.0,0.0,-0.47890000000000005,0.056564329160110546,-0.5354643291601106
0xfcb39403f1c056c6df246eac4b7c27317c7350da,1,1,0.02,1.0,0.0,-0.2713,inf,-inf
0xfcb5a4441b97189864bc4c8bb435dafa0d537cac,2,1,0.01,1.0,0.5,-0.01589999999999997,0.7797,-0.7955999999999999
0xfcc491c44ba7f9806b65b2521f57af5c1e495ae6,2,1,0.01,1.0,0.5,-0.004349999999999965,0.76785,-0.7722
0xfd29e05e30c917b116ed129476c26d13f74c362a,2,1,0.01,1.0,0.5,-0.005950000000000011,0.76975,-0.7757000000000001
0xfd2db552556dd5a9d829ee093114352de053589a,1,1,0.02,1.0,0.0,-0.2861,inf,-inf
0xfd71f849b1bd1f92d2b8ec9e3602676d01e1b1fc,1,1,0.01,1.0,0.0,-0.2882,inf,-inf
0xfd8f360acffa937bdf528fd71964d070ec5b75b6,2,1,0.01,1.0,0.5,-0.006299999999999972,0.7701,-0.7764
0xfd9cc725b769001fe456aac2ccf31da1bb9a5603,1,1,0.01,1.0,0.0,-0.2861,inf,-inf
0xfda54242d2b3087908227d80448bcec065cf036e,1,1,0.02,1.0,0.0,-0.2857,inf,-inf
0xfdb94f481009917e41ee3d2cd1eea78145170bac,1,1,0.02,1.0,0.0,-0.2713,inf,-inf
0xfdfb3fcf4f3df4dfd45656f6892f84ae931acf6c,2,1,75.0,1.0,1.0,0.4612,0.00010000000000004448,0.46109999999999995
0xfe22943c8aa20325b3e5d368c60a2ce64371fce9,2,1,19.14,1.0,0.0,-0.6488,0.002599999999999991,-0.6514
0xfe3b00da293b15fefce3817d5f80f9003dfa241d,8,4,175.76,0.457441966317706,0.375,-0.22153749999999997,0.15697061251063613,-0.3785081125106361
0xfe6502c05306d5959872fd4d91af25f7cbb6327e,1,1,0.08,1.0,0.0,-0.2728,inf,-inf
0xfe6dad229ecf5fc194434a8dc6fc27b5947dbf9b,2,1,0.01,1.0,0.5,-0.005950000000000011,0.76975,-0.7757000000000001
0xfe71385bfc06ed5c9ea23e8923c98bd662ba18e9,1,1,0.1,1.0,0.0,-0.2861,inf,-inf
0xfe7d55be88b9a37df7418a0582a9e91e9d5eb81f,8,3,65.74,0.14146638271980533,0.5,-0.084625,0.13467360510031015,-0.21929860510031016
0xfe7edb926348989d084707b02e64c7e3f4072ff3,2,1,0.01,1.0,0.5,-0.004100000000000048,0.7716000000000001,-0.7757000000000001
0xfe9967934ca3546c8987673476f2a33280d75325,2,1,0.01,1.0,0.5,-0.006299999999999972,0.7701,-0.7764
0xfe9b68772c2e99edb6f91d6f785aec7d506ead09,1,1,0.04,1.0,0.0,-0.2733,inf,-inf
0xfea8ee746343b2c421f4ee2cb0ca1cc542657827,1,1,0.04,1.0,0.0,-0.2756,inf,-inf
0xfeb3d1128b14389208d15460062d7ed31ed441c3,31,10,1937.7899999999997,0.03507604023139761,0.5161290322580645,0.03250645161290322,0.061840844792370536,-0.029334393179467316
0xfeb6701e78dfc67ff64bd46bc0dabee58c68b0f9,2,1,0.01,1.0,0.5,-0.006249999999999978,0.7700499999999999,-0.7762999999999999
0xfed24a7d1ab8596c7aef6c2f8ad83064f40c1151,1,1,0.16,1.0,0.0,-0.1579,inf,-inf
0xfee8c1108d954132e56647b2ec57be2b310085a6,2,1,21.759999999999998,0.08823529411764706,0.5,-0.07090000000000002,0.1931,-0.264
0xfef10e86985bc75f8550405f2faf8b782f2499f5,3,1,49.16,1.0000000000000002,0.3333333333333333,-0.03783333333333335,0.08961942373788792,-0.12745275707122128
0xff1fa3513151bbc72ce217b75b3268bf39545da6,1,1,0.16,1.0,0.0,-0.158,inf,-inf
0xff2066038b5047e9b78e36d11434a44b3b21cf47,1,1,1.0,1.0,1.0,0.6265000000000001,inf,-inf
0xff3725b2040b94104b48a0296a916bad11e2c7dc,1,1,0.2,1.0,0.0,-0.1579,inf,-inf
0xff3ce724e7ff25525e53e17ecae4e2afcc9ba6ba,3,1,0.03,0.33333333333333337,0.6666666666666666,0.2518,0.512,-0.2602
0xff6c763353333459bba2671d8ac9fd7793915856,2,1,76.32,0.04821802935010482,0.5,-0.007200000000000026,0.14969999999999997,-0.15689999999999998
0xff858fc083f98b2f4d12eaf967ae0ecfe3f8469f,1,1,0.01,1.0,0.0,-0.2882,inf,-inf
0xff863a5d287140bbee20124a5f9404d61602542f,1,1,0.3,1.0,0.0,-0.2857,inf,-inf
0xffbe749c50dc181c63c5937deb8d500310c0b0e9,2,1,0.01,1.0,0.5,-0.005950000000000011,0.76975,-0.7757000000000001
0xfffd23e05151a7480f47c546a1ea104f0c6aa900,1,1,0.03,1.0,0.0,-0.2733,inf,-inf
redKollantai,2,1,34.32,1.0,1.0,0.12490000000000001,0.0003999999999999559,0.12450000000000006
